1,-1.875
2,0.375
3,0.375
4,0.625
5,1.875
6,7.25
7,7.25
8,8.25
9,7.625
10,8.0
11,8.0
12,8.0
13,8.625
14,8.875
15,8.875
16,8.0
17,7.75
18,7.75
19,6.5
20,5.375
21,5.75
22,5.125
23,5.125
24,5.125
25,4.5
26,4.5
27,6.25
28,7.875
29,7.5
30,10.5
31,10.5
32,11.375
33,13.125
34,11.75
35,10.25
36,12.875
37,12.125
38,10.75
39,14.5
40,13.875
41,13.5
42,13.5
43,13.5
44,15.25
45,14.0
46,14.0
47,13.625
48,13.625
49,13.375
50,13.375
51,13.375
52,13.375
53,12.75
54,10.75
55,8.875
56,9.25
57,10.125
58,11.125
59,9.0
60,10.0
61,14.0
62,17.0
63,15.875
64,16.0
65,16.0
66,16.0
67,16.875
68,16.875
69,16.125
70,14.625
71,17.875
72,15.0
73,15.0
74,13.375
75,13.875
76,13.875
77,13.875
78,12.75
79,11.875
80,11.75
81,9.875
82,9.875
83,9.875
84,9.5
85,11.125
86,12.125
87,12.125
88,12.25
89,12.625
90,12.625
91,15.625
92,16.625
93,17.25
94,17.25
95,17.25
96,14.625
97,15.0
98,15.375
99,14.375
100,15.125
101,15.0
102,15.0
103,18.0
104,16.75
105,15.875
106,16.0
107,15.0
108,17.75
109,17.75
110,17.75
111,19.25
112,19.25
113,19.25
114,19.75
115,20.375
116,18.75
117,18.75
118,20.0
119,19.5
120,19.5
121,19.25
122,17.875
123,19.375
124,19.625
125,19.625
126,19.625
127,19.875
128,20.875
129,22.5
130,19.875
131,19.875
132,19.875
133,20.375
134,16.75
135,15.875
136,17.875
137,20.625
138,20.125
139,20.125
140,22.0
141,23.625
142,23.375
143,22.625
144,23.875
145,22.75
146,22.75
147,22.75
148,33.0
149,32.25
150,31.75
151,31.75
152,31.75
153,28.5
154,28.5
155,26.625
156,26.625
157,25.125
158,24.0
159,24.0
160,25.25
161,24.75
162,24.75
163,24.25
164,25.375
165,24.5
166,25.5
167,28.75
168,28.75
169,28.75
170,29.375
171,29.375
172,29.375
173,28.25
174,28.5
175,30.5
176,30.5
177,28.625
178,28.625
179,25.5
180,22.375
181,22.875
182,22.875
183,23.375
184,23.125
185,29.625
186,16.0
187,17.625
188,17.75
189,23.0
190,24.75
191,21.75
192,23.25
193,23.25
194,24.125
195,24.125
196,24.875
197,22.0
198,23.0
199,18.0
200,18.25
201,18.25
202,14.5
203,7.0
204,9.75
205,13.125
206,10.0
207,18.0
208,21.5
209,20.625
210,20.625
211,20.625
212,22.75
213,23.125
214,21.75
215,21.75
216,12.125
217,10.5
218,11.75
219,11.875
220,11.875
221,11.25
222,12.625
223,9.875
224,7.0
225,10.875
226,11.625
227,13.375
228,5.25
229,5.5
230,5.5
231,5.5
232,5.5
233,8.25
234,6.25
235,6.25
236,6.125
237,5.375
238,7.625
239,7.625
240,7.625
241,6.5
242,5.875
243,5.875
244,5.875
245,16.125
246,19.25
247,21.125
248,24.625
249,24.625
250,25.0
251,24.0
252,19.875
253,19.125
254,19.0
255,23.125
256,17.5
257,17.25
258,15.25
259,11.125
260,11.25
261,10.125
262,10.125
263,9.0
264,9.0
265,8.25
266,7.25
267,6.75
268,6.75
269,6.75
270,10.125
271,7.875
272,2.625
273,-1.25
274,-1.25
275,-0.25
276,-0.25
277,-2.375
278,-3.875
279,-4.125
280,-6.0
281,-9.125
282,-9.125
283,-9.25
284,-9.25
285,-8.0
286,-8.0
287,-7.125
288,-4.375
289,-6.375
290,1.625
291,1.625
292,2.875
293,2.875
294,6.625
295,6.625
296,3.5
297,3.0
298,3.0
299,0.375
300,1.125
301,-0.75
302,-0.5
303,-1.0
304,-1.0
305,-1.0
306,-7.125
307,-4.75
308,-2.625
309,-2.625
310,-2.375
311,1.0
312,-1.0
313,-1.0
314,-1.0
315,-1.0
316,-1.0
317,-2.125
318,-0.75
319,-0.75
320,0.0
321,0.0
322,-1.5
323,-4.75
324,-5.25
325,-5.625
326,-5.0
327,-5.75
328,-10.625
329,-11.75
330,-11.25
331,-12.125
332,-14.5
333,-14.5
334,-14.5
335,-15.125
336,-14.875
337,-13.75
338,-11.375
339,-11.375
340,-11.125
341,-11.125
342,-8.5
343,-8.5
344,-9.75
345,-9.875
346,-9.875
347,-11.0
348,-11.0
349,-13.375
350,-12.0
351,-11.625
352,-13.25
353,-15.0
354,-13.875
355,-14.625
356,-14.625
357,-14.625
358,-17.125
359,-15.75
360,-15.75
361,-10.875
362,-13.5
363,-11.75
364,-11.0
365,-10.375
366,-11.0
367,-12.5
368,-14.5
369,-19.5
370,-20.125
371,-20.25
372,-20.875
373,-19.25
374,-17.5
375,-17.875
376,-17.875
377,-13.5
378,-9.75
379,-10.125
380,-9.75
381,-9.75
382,-7.375
383,-7.25
384,-7.25
385,-7.25
386,-7.875
387,-7.875
388,-8.5
389,-8.5
390,-8.5
391,-6.5
392,-6.875
393,-6.625
394,-6.625
395,-5.75
396,-5.375
397,-5.5
398,-4.375
399,-4.5
400,-3.75
401,-2.625
402,-1.125
403,-1.125
404,-1.125
405,0.25
406,5.125
407,4.875
408,4.875
409,9.0
410,8.75
411,8.75
412,8.75
413,10.125
414,10.375
415,11.5
416,11.5
417,13.125
418,12.5
419,18.375
420,19.125
421,21.375
422,21.375
423,24.5
424,22.0
425,22.625
426,-12.7622336473
427,-13.1372336473
428,-14.1372336473
429,-13.1372336473
430,-12.8872336473
431,-15.1372336473
432,-11.1372336473
433,-11.7622336473
434,-10.5122336473
435,-11.5122336473
436,-9.01223364735
437,-9.01223364735
438,-9.01223364735
439,-14.6372336473
440,-16.1372336473
441,-16.1372336473
442,-13.8872336473
443,-13.8872336473
444,-13.8872336473
445,-11.5122336473
446,-11.7622336473
447,-10.8872336473
448,-10.8872336473
449,-12.5122336473
450,-13.7622336473
451,-15.7622336473
452,-15.5122336473
453,-15.2622336473
454,-11.6372336473
455,-12.0122336473
456,-12.2622336473
457,-12.2622336473
458,-12.7622336473
459,-7.38723364735
460,-7.38723364735
461,-7.38723364735
462,-7.38723364735
463,-6.26223364735
464,-6.26223364735
465,-10.5122336473
466,-7.38723364735
467,-7.51223364735
468,-7.51223364735
469,-9.88723364735
470,-9.88723364735
471,-7.88723364735
472,-9.38723364735
473,-8.88723364735
474,-10.1372336473
475,-11.5122336473
476,-12.7622336473
477,-12.7622336473
478,-14.2622336473
479,-13.5122336473
480,-9.01223364735
481,-11.6372336473
482,-11.6372336473
483,-11.6372336473
484,-11.8872336473
485,-11.5122336473
486,-13.3872336473
487,-12.7622336473
488,-12.7622336473
489,-13.5122336473
490,-12.3872336473
491,-11.5122336473
492,-11.0122336473
493,-10.2622336473
494,-10.1372336473
495,-9.38723364735
496,-9.38723364735
497,-5.88723364735
498,-10.0122336473
499,-9.51223364735
500,-13.1372336473
501,-12.2622336473
502,-15.7622336473
503,-19.0122336473
504,-18.8872336473
505,-18.0122336473
506,-18.0122336473
507,-18.0122336473
508,-18.2622336473
509,-18.6372336473
510,-20.6372336473
511,-19.1372336473
512,-17.6372336473
513,-17.0122336473
514,-22.0122336473
515,-22.0122336473
516,-22.0122336473
517,-23.3872336473
518,-23.3872336473
519,-19.2622336473
520,-20.5122336473
521,-21.5122336473
522,-23.0122336473
523,-22.7622336473
524,-22.7622336473
525,-16.1372336473
526,-14.3872336473
527,-14.3872336473
528,-18.1372336473
529,-19.1372336473
530,-18.3872336473
531,-19.7622336473
532,-20.0122336473
533,-15.1372336473
534,-15.5122336473
535,-14.2622336473
536,-18.1372336473
537,-18.1372336473
538,-18.0122336473
539,-17.7622336473
540,-17.5122336473
541,-19.0122336473
542,-18.7622336473
543,-18.3872336473
544,-16.8872336473
545,-18.1372336473
546,-17.3872336473
547,-17.3872336473
548,-15.6372336473
549,-16.3872336473
550,-18.3872336473
551,-17.0122336473
552,-17.0122336473
553,-17.0122336473
554,-20.3872336473
555,-19.6372336473
556,-20.0122336473
557,-19.2622336473
558,-19.0122336473
559,-19.0122336473
560,-20.1372336473
561,-22.6372336473
562,-23.0122336473
563,-24.7622336473
564,-24.7622336473
565,-24.7622336473
566,-27.7622336473
567,-31.0122336473
568,-34.5122336473
569,-34.5122336473
570,-36.7622336473
571,-38.7622336473
572,-37.3872336473
573,-36.5122336473
574,-37.0122336473
575,-33.7622336473
576,-33.7622336473
577,-32.0122336473
578,-29.8872336473
579,-29.8872336473
580,-29.8872336473
581,-33.3872336473
582,-33.6372336473
583,-34.6372336473
584,-35.7622336473
585,-35.3872336473
586,-36.5122336473
587,-36.5122336473
588,-36.5122336473
589,-37.1372336473
590,-34.5122336473
591,-35.0122336473
592,-35.0122336473
593,-34.0122336473
594,-32.3872336473
595,-26.0122336473
596,-26.0122336473
597,-24.6372336473
598,-25.3872336473
599,-26.1372336473
600,-26.8872336473
601,-26.6372336473
602,-26.6372336473
603,-26.6372336473
604,-27.7622336473
605,-27.7622336473
606,-28.6372336473
607,-28.6372336473
608,-29.5122336473
609,-30.3872336473
610,-29.3872336473
611,-28.5122336473
612,-28.5122336473
613,-28.5122336473
614,-25.5122336473
615,-30.0122336473
616,-29.7622336473
617,-32.7622336473
618,-32.7622336473
619,-35.5122336473
620,-36.2622336473
621,-35.7622336473
622,-34.0122336473
623,-32.1372336473
624,-32.0122336473
625,-32.0122336473
626,-32.5122336473
627,-32.7622336473
628,-31.8872336473
629,-32.8872336473
630,-32.1372336473
631,-32.1372336473
632,-31.8872336473
633,-31.8872336473
634,-31.3872336473
635,-31.8872336473
636,-31.8872336473
637,-31.8872336473
638,-31.1372336473
639,-31.1372336473
640,-31.1372336473
641,-26.1372336473
642,-25.2622336473
643,-24.6372336473
644,-24.6372336473
645,-24.6372336473
646,-24.6372336473
647,-25.6372336473
648,-27.1372336473
649,-26.1372336473
650,-24.3872336473
651,-24.1372336473
652,-24.1372336473
653,-23.2622336473
654,-24.1372336473
655,-22.5122336473
656,-22.5122336473
657,-25.6372336473
658,-24.1372336473
659,-19.5122336473
660,-19.5122336473
661,-18.8872336473
662,-19.2622336473
663,-21.8872336473
664,-21.3872336473
665,-21.3872336473
666,-18.8872336473
667,-18.8872336473
668,-23.2622336473
669,-22.5122336473
670,-23.6372336473
671,-23.2622336473
672,-23.2622336473
673,-23.2622336473
674,-22.6372336473
675,-22.6372336473
676,-22.5122336473
677,-20.7622336473
678,-20.1372336473
679,-19.1372336473
680,-20.5122336473
681,-21.3872336473
682,-21.8872336473
683,-24.0122336473
684,-23.8872336473
685,-24.1372336473
686,-24.1372336473
687,-23.7622336473
688,-25.6372336473
689,-21.8872336473
690,-21.8872336473
691,-21.0122336473
692,-21.2622336473
693,-21.2622336473
694,-21.2622336473
695,-22.1372336473
696,-22.2622336473
697,-22.2622336473
698,-22.2622336473
699,-22.2622336473
700,-22.2622336473
701,-19.7622336473
702,-20.1372336473
703,-20.3872336473
704,-21.3872336473
705,-21.3872336473
706,-21.2622336473
707,-21.1372336473
708,-21.6372336473
709,-21.6372336473
710,-21.6372336473
711,-21.2622336473
712,-22.2622336473
713,-22.1372336473
714,-24.7622336473
715,-25.0122336473
716,-25.7622336473
717,-25.8872336473
718,-24.7622336473
719,-24.7622336473
720,-24.8872336473
721,-23.7622336473
722,-24.3872336473
723,-25.0122336473
724,-27.3872336473
725,-27.3872336473
726,-26.6372336473
727,-27.3872336473
728,-28.8872336473
729,-27.8872336473
730,-28.1372336473
731,-28.1372336473
732,-28.8872336473
733,-27.1372336473
734,-26.6372336473
735,-27.2622336473
736,-26.5122336473
737,-26.5122336473
738,-26.5122336473
739,-26.7622336473
740,-26.7622336473
741,-24.6372336473
742,-22.3872336473
743,-22.3872336473
744,-22.5122336473
745,-22.7622336473
746,-22.7622336473
747,-23.3872336473
748,-26.3872336473
749,-24.5122336473
750,-21.5122336473
751,-24.1372336473
752,-23.7622336473
753,-23.7622336473
754,-23.7622336473
755,-24.2622336473
756,-23.8872336473
757,-23.8872336473
758,-23.8872336473
759,-27.2622336473
760,-27.3872336473
761,-27.0122336473
762,-27.8872336473
763,-27.8872336473
764,-27.6372336473
765,-28.6372336473
766,-28.8872336473
767,-28.2622336473
768,-28.2622336473
769,-28.5122336473
770,-28.1372336473
771,-28.1372336473
772,-27.0122336473
773,-27.0122336473
774,-27.2622336473
775,-30.3872336473
776,-30.0122336473
777,-30.2622336473
778,-28.6372336473
779,-28.6372336473
780,-29.1372336473
781,-28.7622336473
782,-28.6372336473
783,-28.7622336473
784,-28.7622336473
785,-28.1372336473
786,-28.6372336473
787,-29.0122336473
788,-27.0122336473
789,-27.5122336473
790,-27.5122336473
791,-26.7622336473
792,-26.6372336473
793,-27.5461928506
794,-30.0461928506
795,-29.9211928506
796,-29.6711928506
797,-30.4211928506
798,-31.6711928506
799,-32.1711928506
800,-31.9211928506
801,-33.0461928506
802,-33.7961928506
803,-34.0461928506
804,-33.4211928506
805,-31.6711928506
806,-26.6711928506
807,-26.4211928506
808,-26.9211928506
809,-27.2961928506
810,-27.2961928506
811,-27.2961928506
812,-31.2961928506
813,-33.2961928506
814,-34.5461928506
815,-35.4211928506
816,-35.4211928506
817,-36.2961928506
818,-35.4211928506
819,-36.5461928506
820,-36.0461928506
821,-36.4211928506
822,-34.7961928506
823,-35.1711928506
824,-34.6711928506
825,-33.2961928506
826,-33.2961928506
827,-33.4211928506
828,-33.1711928506
829,-33.4211928506
830,-33.6711928506
831,-34.7961928506
832,-34.4211928506
833,-33.9211928506
834,-32.2961928506
835,-32.2961928506
836,-31.0461928506
837,-31.0461928506
838,-30.0461928506
839,-30.0461928506
840,-30.7961928506
841,-31.4211928506
842,-33.0461928506
843,-32.6711928506
844,-33.0461928506
845,-33.4211928506
846,-32.9211928506
847,-32.9211928506
848,-32.1711928506
849,-31.2961928506
850,-28.1711928506
851,-28.1711928506
852,-29.6711928506
853,-24.1711928506
854,-24.7961928506
855,-25.6711928506
856,-25.0461928506
857,-25.6711928506
858,-24.9211928506
859,-21.4211928506
860,-19.7961928506
861,-18.5461928506
862,-18.5461928506
863,-18.6711928506
864,-18.6711928506
865,-18.1711928506
866,-17.6711928506
867,-18.1711928506
868,-20.5461928506
869,-18.9211928506
870,-18.9211928506
871,-19.4211928506
872,-19.4211928506
873,-20.4211928506
874,-21.6711928506
875,-24.2961928506
876,-24.7961928506
877,-25.1711928506
878,-24.6711928506
879,-25.2961928506
880,-24.1711928506
881,-24.6711928506
882,-23.2961928506
883,-25.1711928506
884,-25.9211928506
885,-25.4211928506
886,-24.5461928506
887,-24.9211928506
888,-25.6711928506
889,-25.6711928506
890,-25.6711928506
891,-24.7961928506
892,-27.1711928506
893,-27.4211928506
894,-25.4211928506
895,-24.9211928506
896,-24.1711928506
897,-25.7961928506
898,-27.1711928506
899,-29.5461928506
900,-29.5461928506
901,-27.7961928506
902,-26.7961928506
903,-27.6711928506
904,-28.2961928506
905,-28.0461928506
906,-28.0461928506
907,-25.5461928506
908,-25.2961928506
909,-25.2961928506
910,-24.9211928506
911,-25.6711928506
912,-24.5461928506
913,-25.6711928506
914,-27.5461928506
915,-27.9211928506
916,-27.5461928506
917,-27.7961928506
918,-27.6711928506
919,-27.6711928506
920,-27.4211928506
921,-27.0461928506
922,-24.0461928506
923,-22.6711928506
924,-24.1711928506
925,-26.6711928506
926,-19.0461928506
927,-13.7961928506
928,-13.7961928506
929,-14.7961928506
930,-15.5461928506
931,-15.5461928506
932,-12.7961928506
933,-2.92119285058
934,-2.92119285058
935,-3.79619285058
936,-3.79619285058
937,-3.79619285058
938,-0.171192850582
939,-1.29619285058
940,2.82880714942
941,0.453807149418
942,0.578807149418
943,-0.671192850582
944,5.45380714942
945,8.70380714942
946,12.8288071494
947,11.7038071494
948,11.2038071494
949,11.8288071494
950,14.0788071494
951,15.8288071494
952,15.8288071494
953,17.3288071494
954,17.4538071494
955,16.3288071494
956,14.8288071494
957,14.8288071494
958,14.4538071494
959,14.4538071494
960,15.3288071494
961,16.9538071494
962,15.8288071494
963,16.3288071494
964,16.7038071494
965,14.3288071494
966,14.3288071494
967,14.3288071494
968,13.2038071494
969,11.8288071494
970,12.3288071494
971,11.7038071494
972,15.7038071494
973,16.0788071494
974,15.5788071494
975,15.5788071494
976,18.7038071494
977,16.2038071494
978,16.2038071494
979,17.5788071494
980,17.5788071494
981,17.3288071494
982,16.8288071494
983,17.8288071494
984,20.3288071494
985,22.2038071494
986,21.9538071494
987,21.7038071494
988,21.5788071494
989,21.5788071494
990,21.5788071494
991,21.9538071494
992,21.8288071494
993,22.2038071494
994,22.2038071494
995,21.0788071494
996,18.9538071494
997,18.8288071494
998,17.3288071494
999,19.0788071494
1000,18.2038071494
1001,17.7038071494
1002,19.3288071494
1003,21.8288071494
1004,20.7038071494
1005,20.5788071494
1006,21.7038071494
1007,23.2038071494
1008,23.2038071494
1009,23.2038071494
1010,23.8288071494
1011,21.7038071494
1012,21.3288071494
1013,21.3288071494
1014,21.7038071494
1015,21.7038071494
1016,22.9538071494
1017,21.7038071494
1018,26.4538071494
1019,27.4538071494
1020,29.2038071494
1021,29.2038071494
1022,29.2038071494
1023,29.2038071494
1024,28.5788071494
1025,27.9538071494
1026,27.5788071494
1027,26.5788071494
1028,26.4538071494
1029,31.0788071494
1030,30.4538071494
1031,30.4538071494
1032,31.3288071494
1033,31.0788071494
1034,31.0788071494
1035,29.4538071494
1036,30.0788071494
1037,29.3288071494
1038,29.3288071494
1039,29.3288071494
1040,27.8288071494
1041,28.4538071494
1042,28.4538071494
1043,29.7038071494
1044,30.0788071494
1045,32.3288071494
1046,32.3288071494
1047,35.2038071494
1048,35.4538071494
1049,35.4538071494
1050,36.5788071494
1051,35.5788071494
1052,37.0788071494
1053,36.7038071494
1054,35.5788071494
1055,34.8288071494
1056,34.8288071494
1057,35.2038071494
1058,33.0788071494
1059,31.9538071494
1060,31.8288071494
1061,30.9538071494
1062,31.0788071494
1063,30.9538071494
1064,30.5788071494
1065,29.2038071494
1066,28.7038071494
1067,29.3288071494
1068,31.9538071494
1069,32.0788071494
1070,32.5788071494
1071,32.8288071494
1072,31.5788071494
1073,31.5788071494
1074,31.5788071494
1075,31.7038071494
1076,33.8288071494
1077,32.9538071494
1078,30.4538071494
1079,30.5788071494
1080,31.3288071494
1081,29.7038071494
1082,30.5788071494
1083,29.8288071494
1084,29.5788071494
1085,32.2038071494
1086,31.8288071494
1087,34.8288071494
1088,35.2038071494
1089,35.2038071494
1090,37.9538071494
1091,38.8288071494
1092,40.5788071494
1093,40.4538071494
1094,38.8288071494
1095,37.9538071494
1096,37.9538071494
1097,39.7038071494
1098,41.0788071494
1099,43.3288071494
1100,45.0788071494
1101,44.0788071494
1102,45.3288071494
1103,44.4538071494
1104,42.5788071494
1105,41.5788071494
1106,41.5788071494
1107,43.0788071494
1108,43.0788071494
1109,43.0788071494
1110,44.4538071494
1111,44.4538071494
1112,45.9538071494
1113,45.9538071494
1114,45.9538071494
1115,46.0788071494
1116,45.9538071494
1117,45.9538071494
1118,48.5788071494
1119,46.7038071494
1120,46.7038071494
1121,46.7038071494
1122,47.3288071494
1123,47.3288071494
1124,48.8288071494
1125,47.8288071494
1126,47.3288071494
1127,46.9538071494
1128,47.7038071494
1129,48.0788071494
1130,45.9538071494
1131,48.3288071494
1132,48.5788071494
1133,46.9538071494
1134,47.8288071494
1135,47.8288071494
1136,47.8288071494
1137,48.7038071494
1138,48.7038071494
1139,51.0788071494
1140,54.4538071494
1141,54.4538071494
1142,56.7038071494
1143,55.2038071494
1144,59.2038071494
1145,63.4538071494
1146,63.4538071494
1147,63.9538071494
1148,63.2038071494
1149,63.5788071494
1150,64.4538071494
1151,64.4538071494
1152,68.8288071494
1153,73.4538071494
1154,70.7038071494
1155,71.9538071494
1156,72.2038071494
1157,72.2038071494
1158,71.7038071494
1159,75.0788071494
1160,75.0788071494
1161,74.4538071494
1162,70.8288071494
1163,67.3288071494
1164,67.7038071494
1165,67.7038071494
1166,67.9538071494
1167,67.9538071494
1168,66.9538071494
1169,100.526095891
1170,101.276095891
1171,103.276095891
1172,103.276095891
1173,102.651095891
1174,103.651095891
1175,104.026095891
1176,105.151095891
1177,105.151095891
1178,105.151095891
1179,104.651095891
1180,104.651095891
1181,107.151095891
1182,106.026095891
1183,111.401095891
1184,113.526095891
1185,113.526095891
1186,111.401095891
1187,109.901095891
1188,113.401095891
1189,111.151095891
1190,120.388564379
1191,120.388564379
1192,120.388564379
1193,117.138564379
1194,118.888564379
1195,117.263564379
1196,120.138564379
1197,118.263564379
1198,121.138564379
1199,120.138564379
1200,120.138564379
1201,120.138564379
1202,120.138564379
1203,120.138564379
1204,118.513564379
1205,120.638564379
1206,122.263564379
1207,122.513564379
1208,121.513564379
1209,118.763564379
1210,118.138564379
1211,118.013564379
1212,117.138564379
1213,117.138564379
1214,117.138564379
1215,116.263564379
1216,118.138564379
1217,117.263564379
1218,118.763564379
1219,118.763564379
1220,120.388564379
1221,120.388564379
1222,118.638564379
1223,118.013564379
1224,117.638564379
1225,117.638564379
1226,117.638564379
1227,117.138564379
1228,117.138564379
1229,117.138564379
1230,116.763564379
1231,116.513564379
1232,116.513564379
1233,119.263564379
1234,119.263564379
1235,119.263564379
1236,119.513564379
1237,119.513564379
1238,120.388564379
1239,120.388564379
1240,120.388564379
1241,120.388564379
1242,120.888564379
1243,120.388564379
1244,120.388564379
1245,120.388564379
1246,121.013564379
1247,120.013564379
1248,118.763564379
1249,119.138564379
1250,119.138564379
1251,120.388564379
1252,121.263564379
1253,120.388564379
1254,121.388564379
1255,120.263564379
1256,120.263564379
1257,121.638564379
1258,121.763564379
1259,121.763564379
1260,122.888564379
1261,122.013564379
1262,123.138564379
1263,122.763564379
1264,122.513564379
1265,122.263564379
1266,122.263564379
1267,121.388564379
1268,121.388564379
1269,121.763564379
1270,121.888564379
1271,121.513564379
1272,121.013564379
1273,122.263564379
1274,124.513564379
1275,124.513564379
1276,123.388564379
1277,122.013564379
1278,120.638564379
1279,120.763564379
1280,120.763564379
1281,119.888564379
1282,119.138564379
1283,119.388564379
1284,119.388564379
1285,121.388564379
1286,123.263564379
1287,125.513564379
1288,126.263564379
1289,126.888564379
1290,125.513564379
1291,125.513564379
1292,125.888564379
1293,124.513564379
1294,125.263564379
1295,126.138564379
1296,126.138564379
1297,128.763564379
1298,129.763564379
1299,129.763564379
1300,131.138564379
1301,131.138564379
1302,132.013564379
1303,130.763564379
1304,132.513564379
1305,131.513564379
1306,131.513564379
1307,130.513564379
1308,129.388564379
1309,129.013564379
1310,129.013564379
1311,132.013564379
1312,129.763564379
1313,129.138564379
1314,127.388564379
1315,125.013564379
1316,126.013564379
1317,131.263564379
1318,134.888564379
1319,136.263564379
1320,139.138564379
1321,136.763564379
1322,136.638564379
1323,136.638564379
1324,136.638564379
1325,136.638564379
1326,136.638564379
1327,136.638564379
1328,137.138564379
1329,137.638564379
1330,137.638564379
1331,138.013564379
1332,138.638564379
1333,138.013564379
1334,138.013564379
1335,138.013564379
1336,138.888564379
1337,140.013564379
1338,140.013564379
1339,141.013564379
1340,141.013564379
1341,141.513564379
1342,142.013564379
1343,140.263564379
1344,140.263564379
1345,140.263564379
1346,143.763564379
1347,145.888564379
1348,145.263564379
1349,145.263564379
1350,145.263564379
1351,145.138564379
1352,145.388564379
1353,139.263564379
1354,133.263564379
1355,133.263564379
1356,133.263564379
1357,133.263564379
1358,132.513564379
1359,127.513564379
1360,125.763564379
1361,125.888564379
1362,123.013564379
1363,124.888564379
1364,123.138564379
1365,122.013564379
1366,122.013564379
1367,124.013564379
1368,121.888564379
1369,121.263564379
1370,123.513564379
1371,124.013564379
1372,124.013564379
1373,124.013564379
1374,123.388564379
1375,120.263564379
1376,120.638564379
1377,120.638564379
1378,126.638564379
1379,130.013564379
1380,128.513564379
1381,128.263564379
1382,128.263564379
1383,128.513564379
1384,128.513564379
1385,128.513564379
1386,127.513564379
1387,127.638564379
1388,129.388564379
1389,131.263564379
1390,131.263564379
1391,130.013564379
1392,128.763564379
1393,128.388564379
1394,133.763564379
1395,133.763564379
1396,133.763564379
1397,134.138564379
1398,134.138564379
1399,135.138564379
1400,135.138564379
1401,135.138564379
1402,134.138564379
1403,135.138564379
1404,135.138564379
1405,135.138564379
1406,133.763564379
1407,135.263564379
1408,135.013564379
1409,135.013564379
1410,134.263564379
1411,134.513564379
1412,136.388564379
1413,136.388564379
1414,136.388564379
1415,136.388564379
1416,136.388564379
1417,133.888564379
1418,133.638564379
1419,134.013564379
1420,131.388564379
1421,132.013564379
1422,134.013564379
1423,132.013564379
1424,129.763564379
1425,127.513564379
1426,126.513564379
1427,126.513564379
1428,135.888564379
1429,137.013564379
1430,135.513564379
1431,133.513564379
1432,133.013564379
1433,133.013564379
1434,132.763564379
1435,134.013564379
1436,132.513564379
1437,131.013564379
1438,131.138564379
1439,129.763564379
1440,127.388564379
1441,127.388564379
1442,128.638564379
1443,128.638564379
1444,128.638564379
1445,128.638564379
1446,130.638564379
1447,129.388564379
1448,129.263564379
1449,129.638564379
1450,128.263564379
1451,128.638564379
1452,130.013564379
1453,129.263564379
1454,129.263564379
1455,130.388564379
1456,129.513564379
1457,127.388564379
1458,127.138564379
1459,127.888564379
1460,127.263564379
1461,128.013564379
1462,126.513564379
1463,125.763564379
1464,130.263564379
1465,131.138564379
1466,130.763564379
1467,130.388564379
1468,130.513564379
1469,130.513564379
1470,131.013564379
1471,131.388564379
1472,131.388564379
1473,132.138564379
1474,132.138564379
1475,132.138564379
1476,133.263564379
1477,134.638564379
1478,134.388564379
1479,136.388564379
1480,136.013564379
1481,133.888564379
1482,133.888564379
1483,133.888564379
1484,134.138564379
1485,134.013564379
1486,133.638564379
1487,132.138564379
1488,134.513564379
1489,136.763564379
1490,137.638564379
1491,139.138564379
1492,141.513564379
1493,138.138564379
1494,136.888564379
1495,136.888564379
1496,135.513564379
1497,135.263564379
1498,135.263564379
1499,136.138564379
1500,136.138564379
1501,138.138564379
1502,137.763564379
1503,137.763564379
1504,137.763564379
1505,137.513564379
1506,137.513564379
1507,137.513564379
1508,137.513564379
1509,139.888564379
1510,142.388564379
1511,141.388564379
1512,140.638564379
1513,140.638564379
1514,140.013564379
1515,140.513564379
1516,140.763564379
1517,140.763564379
1518,140.638564379
1519,140.638564379
1520,140.638564379
1521,140.638564379
1522,140.638564379
1523,141.513564379
1524,139.888564379
1525,139.888564379
1526,139.638564379
1527,139.638564379
1528,138.638564379
1529,138.638564379
1530,139.513564379
1531,140.888564379
1532,140.388564379
1533,140.513564379
1534,144.513564379
1535,146.138564379
1536,145.763564379
1537,149.263564379
1538,149.763564379
1539,149.388564379
1540,149.388564379
1541,150.263564379
1542,151.638564379
1543,148.388564379
1544,148.263564379
1545,147.263564379
1546,144.638564379
1547,143.513564379
1548,143.513564379
1549,143.138564379
1550,143.388564379
1551,137.638564379
1552,137.138564379
1553,137.138564379
1554,137.138564379
1555,137.138564379
1556,137.138564379
1557,137.513564379
1558,138.013564379
1559,138.013564379
1560,137.388564379
1561,138.638564379
1562,138.138564379
1563,138.138564379
1564,136.638564379
1565,135.888564379
1566,136.513564379
1567,136.138564379
1568,136.888564379
1569,137.763564379
1570,137.763564379
1571,137.763564379
1572,138.263564379
1573,139.263564379
1574,138.763564379
1575,138.013564379
1576,137.263564379
1577,137.513564379
1578,139.513564379
1579,139.138564379
1580,140.013564379
1581,140.013564379
1582,137.888564379
1583,137.888564379
1584,139.388564379
1585,139.013564379
1586,139.013564379
1587,139.013564379
1588,139.013564379
1589,141.388564379
1590,143.513564379
1591,142.888564379
1592,141.138564379
1593,142.013564379
1594,142.013564379
1595,143.388564379
1596,144.263564379
1597,143.388564379
1598,143.138564379
1599,143.388564379
1600,144.013564379
1601,144.138564379
1602,143.388564379
1603,144.388564379
1604,145.138564379
1605,145.138564379
1606,144.263564379
1607,144.263564379
1608,145.763564379
1609,144.513564379
1610,144.513564379
1611,144.263564379
1612,144.138564379
1613,143.888564379
1614,143.826064379
1615,145.076064379
1616,143.576064379
1617,142.576064379
1618,142.576064379
1619,141.451064379
1620,141.451064379
1621,143.576064379
1622,144.451064379
1623,144.451064379
1624,144.451064379
1625,142.951064379
1626,143.826064379
1627,143.701064379
1628,143.701064379
1629,142.951064379
1630,143.076064379
1631,142.701064379
1632,144.076064379
1633,144.701064379
1634,146.326064379
1635,148.576064379
1636,150.201064379
1637,149.451064379
1638,147.951064379
1639,148.451064379
1640,150.201064379
1641,150.201064379
1642,152.951064379
1643,152.951064379
1644,153.076064379
1645,149.576064379
1646,149.576064379
1647,149.576064379
1648,150.701064379
1649,151.076064379
1650,153.451064379
1651,151.451064379
1652,153.076064379
1653,151.826064379
1654,151.451064379
1655,151.451064379
1656,152.201064379
1657,159.326064379
1658,158.576064379
1659,158.826064379
1660,159.826064379
1661,159.826064379
1662,161.201064379
1663,161.201064379
1664,161.201064379
1665,161.201064379
1666,155.076064379
1667,156.326064379
1668,156.826064379
1669,160.576064379
1670,160.576064379
1671,160.576064379
1672,160.576064379
1673,160.576064379
1674,161.701064379
1675,160.826064379
1676,162.451064379
1677,163.826064379
1678,171.576064379
1679,171.576064379
1680,171.576064379
1681,172.451064379
1682,177.201064379
1683,179.201064379
1684,175.201064379
1685,174.419864379
1686,179.919864379
1687,179.294864379
1688,179.294864379
1689,179.294864379
1690,179.419864379
1691,181.419864379
1692,181.419864379
1693,181.419864379
1694,180.544864379
1695,180.544864379
1696,179.419864379
1697,179.419864379
1698,179.294864379
1699,178.794864379
1700,177.044864379
1701,178.419864379
1702,178.419864379
1703,180.794864379
1704,179.669864379
1705,179.294864379
1706,176.669864379
1707,179.544864379
1708,180.794864379
1709,212.356172042
1710,212.606172042
1711,211.106172042
1712,210.606172042
1713,216.231172042
1714,215.606172042
1715,217.543672042
1716,221.418672042
1717,220.793672042
1718,219.356172042
1719,215.231172042
1720,214.481172042
1721,217.856172042
1722,219.106172042
1723,222.918672042
1724,221.168672042
1725,222.168672042
1726,221.668672042
1727,220.481172042
1728,219.606172042
1729,221.731172042
1730,221.731172042
1731,221.731172042
1732,221.731172042
1733,221.981172042
1734,221.981172042
1735,221.981172042
1736,223.856172042
1737,222.606172042
1738,224.981172042
1739,224.606172042
1740,223.043672042
1741,222.981172042
1742,222.731172042
1743,222.418672042
1744,223.981172042
1745,223.981172042
1746,223.981172042
1747,224.043672042
1748,224.918672042
1749,224.918672042
1750,223.981172042
1751,223.981172042
1752,223.981172042
1753,224.856172042
1754,231.418672042
1755,228.106172042
1756,224.793672042
1757,224.793672042
1758,224.231172042
1759,227.418672042
1760,224.293672042
1761,224.918672042
1762,224.918672042
1763,226.793672042
1764,226.543672042
1765,229.231172042
1766,230.356172042
1767,234.668672042
1768,234.918672042
1769,225.918672042
1770,224.543672042
1771,224.543672042
1772,220.356172042
1773,212.231172042
1774,215.918672042
1775,211.918672042
1776,224.918672042
1777,228.731172042
1778,226.856172042
1779,230.231172042
1780,232.731172042
1781,230.356172042
1782,230.356172042
1783,233.481172042
1784,242.418172042
1785,243.106172042
1786,243.106172042
1787,245.856172042
1788,243.981172042
1789,245.981172042
1790,245.981172042
1791,246.293672042
1792,246.668672042
1793,246.605672042
1794,244.981172042
1795,246.731172042
1796,250.418172042
1797,252.293172042
1798,250.606172042
1799,252.481172042
1800,249.605172042
1801,250.668172042
1802,248.918172042
1803,250.293172042
1804,252.981172042
1805,247.043172042
1806,241.418172042
1807,240.355172042
1808,238.824172042
1809,238.824172042
1810,240.511172042
1811,252.261172042
1812,253.386172042
1813,243.699172042
1814,247.949172042
1815,247.949172042
1816,247.949172042
1817,253.511172042
1818,252.386172042
1819,253.198172042
1820,250.198172042
1821,253.510172042
1822,253.947172042
1823,252.447172042
1824,256.447172042
1825,264.884172042
1826,263.759172042
1827,273.383172042
1828,277.070172042
1829,276.820172042
1830,267.320172042
1831,262.944172042
1832,266.382172042
1833,266.382172042
1834,265.007172042
1835,264.445172042
1836,265.821172042
1837,295.445172042
1838,296.319172042
1839,293.631172042
1840,299.631172042
1841,307.381172042
1842,334.875069577
1843,333.687569577
1844,332.625069577
1845,332.437569577
1846,330.875069577
1847,332.000069577
1848,332.000069577
1849,335.562569577
1850,334.562569577
1851,333.625069577
1852,333.625069577
1853,333.625069577
1854,337.250069577
1855,339.000069577
1856,338.187569577
1857,335.437569577
1858,336.625069577
1859,335.562569577
1860,331.687569577
1861,333.000069577
1862,333.000069577
1863,332.250069577
1864,337.500069577
1865,334.812569577
1866,331.125069577
1867,331.125069577
1868,328.812569577
1869,328.812569577
1870,328.812569577
1871,329.125069577
1872,330.095069577
1873,330.095069577
1874,330.095069577
1875,330.095069577
1876,329.195069577
1877,329.195069577
1878,329.295069577
1879,329.095069577
1880,327.45614088
1881,327.14614088
1882,329.64614088
1883,333.17614088
1884,337.05614088
1885,337.05614088
1886,337.88614088
1887,336.93614088
1888,336.93614088
1889,339.46614088
1890,336.88614088
1891,337.82614088
1892,337.01614088
1893,334.54614088
1894,333.49614088
1895,332.19614088
1896,332.19614088
1897,333.57614088
1898,334.49614088
1899,333.06614088
1900,332.57614088
1901,331.81614088
1902,332.90614088
1903,332.90614088
1904,328.44614088
1905,329.74614088
1906,330.83614088
1907,329.03614088
1908,329.65614088
1909,328.20614088
1910,329.77614088
1911,332.16614088
1912,332.82614088
1913,332.82614088
1914,330.64614088
1915,330.64614088
1916,330.29614088
1917,330.55614088
1918,330.55614088
1919,333.45614088
1920,333.45614088
1921,332.20614088
1922,331.96614088
1923,332.24614088
1924,332.24614088
1925,333.41614088
1926,334.64614088
1927,334.01614088
1928,334.42614088
1929,334.42614088
1930,334.22614088
1931,334.56614088
1932,334.56614088
1933,334.11614088
1934,331.39614088
1935,331.39614088
1936,330.09614088
1937,328.37614088
1938,328.12614088
1939,328.67614088
1940,326.67614088
1941,326.67614088
1942,322.04614088
1943,322.16614088
1944,323.86614088
1945,327.96614088
1946,327.96614088
1947,325.31614088
1948,319.48614088
1949,322.78614088
1950,321.87614088
1951,320.77614088
1952,321.52614088
1953,321.52614088
1954,321.52614088
1955,321.52614088
1956,321.22614088
1957,321.52614088
1958,320.83614088
1959,320.83614088
1960,321.12614088
1961,321.29614088
1962,321.29614088
1963,321.29614088
1964,320.77614088
1965,320.77614088
1966,319.84614088
1967,319.41614088
1968,319.41614088
1969,320.53614088
1970,319.98614088
1971,323.16614088
1972,323.86614088
1973,323.53614088
1974,324.64614088
1975,324.64614088
1976,324.64614088
1977,324.35614088
1978,322.97614088
1979,325.67614088
1980,324.80614088
1981,324.80614088
1982,324.61614088
1983,324.39614088
1984,324.39614088
1985,324.41614088
1986,324.21614088
1987,323.90614088
1988,323.90614088
1989,324.57614088
1990,325.53614088
1991,325.53614088
1992,325.24614088
1993,324.62614088
1994,324.62614088
1995,323.73614088
1996,323.99614088
1997,323.53614088
1998,324.16614088
1999,323.25614088
2000,323.98614088
2001,323.61614088
2002,325.63614088
2003,325.63614088
2004,327.44614088
2005,327.44614088
2006,327.44614088
2007,327.60614088
2008,327.60614088
2009,328.42614088
2010,328.11614088
2011,328.29614088
2012,328.16614088
2013,326.93614088
2014,327.63614088
2015,328.38614088
2016,328.38614088
2017,327.86614088
2018,327.56614088
2019,327.78614088
2020,328.59614088
2021,328.59614088
2022,328.45614088
2023,329.09614088
2024,329.09614088
2025,330.27614088
2026,330.96614088
2027,330.95614088
2028,331.58614088
2029,331.17614088
2030,330.75614088
2031,329.96614088
2032,330.33614088
2033,330.33614088
2034,331.33614088
2035,331.16614088
2036,330.93614088
2037,330.93614088
2038,330.62614088
2039,331.05614088
2040,331.05614088
2041,331.46614088
2042,332.63614088
2043,333.15614088
2044,332.99614088
2045,333.39614088
2046,333.39614088
2047,333.39614088
2048,332.66614088
2049,331.23614088
2050,331.44614088
2051,331.20614088
2052,331.43614088
2053,331.43614088
2054,331.77614088
2055,331.95614088
2056,331.85614088
2057,331.02614088
2058,331.02614088
2059,331.02614088
2060,331.21614088
2061,331.21614088
2062,330.76614088
2063,330.76614088
2064,330.25614088
2065,330.95614088
2066,330.36614088
2067,330.90614088
2068,330.66614088
2069,330.66614088
2070,330.18614088
2071,330.18614088
2072,330.18614088
2073,330.18614088
2074,329.67614088
2075,329.67614088
2076,329.27614088
2077,329.61614088
2078,329.61614088
2079,330.15614088
2080,330.76614088
2081,330.76614088
2082,330.76614088
2083,330.81614088
2084,330.81614088
2085,330.95614088
2086,330.94614088
2087,330.81614088
2088,329.19614088
2089,329.02614088
2090,328.19614088
2091,329.00614088
2092,328.89614088
2093,327.58614088
2094,327.43614088
2095,326.62614088
2096,327.34614088
2097,326.55614088
2098,326.74614088
2099,326.77614088
2100,326.77614088
2101,327.46614088
2102,327.47614088
2103,327.78614088
2104,327.78614088
2105,327.35614088
2106,327.16614088
2107,327.16614088
2108,325.18614088
2109,325.18614088
2110,325.42614088
2111,325.48614088
2112,326.33614088
2113,326.64614088
2114,326.37614088
2115,326.80614088
2116,326.80614088
2117,327.63614088
2118,327.59614088
2119,327.75614088
2120,328.02614088
2121,328.30614088
2122,328.30614088
2123,328.57614088
2124,328.29614088
2125,328.29614088
2126,327.96614088
2127,327.81614088
2128,327.31614088
2129,327.16614088
2130,326.72614088
2131,326.54614088
2132,326.54614088
2133,326.99614088
2134,327.00614088
2135,327.17614088
2136,327.06614088
2137,327.39614088
2138,327.39614088
2139,327.39614088
2140,328.15614088
2141,328.38614088
2142,328.17614088
2143,328.07614088
2144,328.07614088
2145,328.07614088
2146,328.27614088
2147,328.86614088
2148,328.86614088
2149,328.86614088
2150,329.27614088
2151,329.27614088
2152,329.12614088
2153,327.73614088
2154,327.63614088
2155,327.63614088
2156,327.84614088
2157,327.49614088
2158,327.60969863
2159,327.36969863
2160,327.54969863
2161,327.54969863
2162,328.10969863
2163,327.07969863
2164,326.51969863
2165,326.01969863
2166,326.01969863
2167,325.64969863
2168,325.88969863
2169,325.66969863
2170,325.66969863
2171,327.14969863
2172,326.97969863
2173,326.61969863
2174,326.89969863
2175,328.39969863
2176,328.34969863
2177,328.34969863
2178,328.34969863
2179,328.36969863
2180,328.27969863
2181,329.27969863
2182,329.73969863
2183,329.09969863
2184,329.89969863
2185,330.51969863
2186,328.79969863
2187,328.25969863
2188,327.22969863
2189,326.82969863
2190,326.82969863
2191,326.82969863
2192,326.82969863
2193,326.53969863
2194,326.53969863
2195,327.21969863
2196,326.93969863
2197,326.44969863
2198,326.23969863
2199,326.23969863
2200,325.68969863
2201,325.79969863
2202,323.84969863
2203,322.52969863
2204,323.50969863
2205,323.00969863
2206,323.66969863
2207,323.20969863
2208,321.61969863
2209,320.68969863
2210,320.68969863
2211,321.68969863
2212,321.85969863
2213,321.24969863
2214,321.17969863
2215,321.17969863
2216,321.00969863
2217,321.00969863
2218,320.46969863
2219,325.36969863
2220,320.55969863
2221,320.43969863
2222,320.24969863
2223,319.51969863
2224,319.14969863
2225,318.75969863
2226,318.75969863
2227,318.75969863
2228,317.81969863
2229,317.81969863
2230,317.81969863
2231,317.59969863
2232,318.62969863
2233,319.33969863
2234,319.74969863
2235,319.64969863
2236,318.91969863
2237,318.95969863
2238,318.95969863
2239,320.16969863
2240,316.64969863
2241,316.64969863
2242,317.75969863
2243,316.25969863
2244,315.07969863
2245,316.83969863
2246,315.97969863
2247,315.97969863
2248,313.81969863
2249,312.97969863
2250,313.91969863
2251,314.72969863
2252,314.72969863
2253,314.96969863
2254,314.00969863
2255,311.34969863
2256,310.57969863
2257,310.82969863
2258,308.99969863
2259,307.14969863
2260,305.10969863
2261,305.10969863
2262,305.77969863
2263,306.28969863
2264,305.74969863
2265,307.19969863
2266,307.19969863
2267,308.74969863
2268,308.74969863
2269,309.03969863
2270,309.03969863
2271,309.32969863
2272,309.00969863
2273,308.95969863
2274,308.95969863
2275,307.77969863
2276,307.53969863
2277,307.51969863
2278,307.52969863
2279,307.80969863
2280,309.76969863
2281,309.26969863
2282,309.24969863
2283,309.03969863
2284,309.88969863
2285,310.38969863
2286,310.38969863
2287,310.37969863
2288,310.37969863
2289,310.16969863
2290,310.02969863
2291,309.38969863
2292,310.13969863
2293,310.56969863
2294,310.52969863
2295,310.72969863
2296,310.36969863
2297,310.24969863
2298,311.41969863
2299,311.65969863
2300,311.65969863
2301,311.63969863
2302,311.63969863
2303,311.63969863
2304,311.40969863
2305,311.40969863
2306,311.40969863
2307,311.61969863
2308,312.55969863
2309,313.83969863
2310,313.83969863
2311,314.16969863
2312,314.16969863
2313,314.47969863
2314,314.47969863
2315,314.37969863
2316,313.57969863
2317,312.43969863
2318,312.13969863
2319,312.28969863
2320,312.68969863
2321,311.71969863
2322,312.14969863
2323,312.46969863
2324,312.46969863
2325,312.46969863
2326,313.20969863
2327,311.71969863
2328,311.85969863
2329,312.34969863
2330,313.35969863
2331,313.67969863
2332,313.49969863
2333,313.64969863
2334,314.02969863
2335,312.92969863
2336,312.94969863
2337,312.98969863
2338,312.72969863
2339,312.74969863
2340,312.74969863
2341,312.74969863
2342,312.63969863
2343,312.63969863
2344,313.08969863
2345,313.87969863
2346,315.28969863
2347,315.58969863
2348,316.30969863
2349,316.30969863
2350,316.30969863
2351,315.60969863
2352,315.45969863
2353,315.31969863
2354,315.28969863
2355,315.49969863
2356,315.48969863
2357,315.28969863
2358,315.07969863
2359,314.69969863
2360,313.86969863
2361,313.28969863
2362,313.09969863
2363,313.09969863
2364,313.16969863
2365,313.22969863
2366,313.96969863
2367,313.26969863
2368,313.72969863
2369,311.97969863
2370,309.84969863
2371,310.47969863
2372,310.78969863
2373,310.54969863
2374,310.51969863
2375,311.23969863
2376,311.23969863
2377,311.23969863
2378,311.23969863
2379,312.07969863
2380,313.28969863
2381,313.21969863
2382,313.21969863
2383,314.23969863
2384,314.23969863
2385,314.19969863
2386,314.19969863
2387,314.10969863
2388,314.20969863
2389,313.24969863
2390,314.97969863
2391,317.48969863
2392,317.66969863
2393,317.49969863
2394,317.49969863
2395,317.49969863
2396,318.01969863
2397,317.84969863
2398,317.74969863
2399,317.74969863
2400,318.09969863
2401,319.13969863
2402,319.10969863
2403,319.10969863
2404,319.10969863
2405,319.05969863
2406,318.43969863
2407,318.43969863
2408,318.65969863
2409,318.65969863
2410,318.65969863
2411,318.54969863
2412,318.23969863
2413,318.23969863
2414,318.83969863
2415,318.83969863
2416,319.00969863
2417,318.91969863
2418,319.25969863
2419,320.00969863
2420,319.59969863
2421,320.39969863
2422,320.48969863
2423,320.48969863
2424,320.19969863
2425,320.19969863
2426,320.33969863
2427,321.07969863
2428,321.74969863
2429,321.74969863
2430,321.53969863
2431,320.75969863
2432,320.11969863
2433,319.90969863
2434,319.02969863
2435,319.78969863
2436,320.15969863
2437,320.40969863
2438,319.47969863
2439,319.93969863
2440,320.15969863
2441,320.32969863
2442,320.73969863
2443,321.56969863
2444,321.89969863
2445,321.90969863
2446,321.90969863
2447,321.90969863
2448,321.95969863
2449,321.95969863
2450,321.92969863
2451,321.92969863
2452,321.96969863
2453,321.96969863
2454,321.96969863
2455,321.18969863
2456,319.58969863
2457,321.48969863
2458,321.48969863
2459,321.59969863
2460,321.25969863
2461,321.73969863
2462,321.53969863
2463,321.71969863
2464,321.71969863
2465,321.71969863
2466,320.63969863
2467,320.59969863
2468,320.31969863
2469,320.31969863
2470,321.61969863
2471,321.54969863
2472,321.15969863
2473,320.01969863
2474,321.36969863
2475,321.68969863
2476,321.68969863
2477,321.88969863
2478,323.50969863
2479,324.01969863
2480,323.78969863
2481,323.90969863
2482,324.28969863
2483,323.67969863
2484,323.97969863
2485,324.82969863
2486,324.27969863
2487,322.89969863
2488,323.40969863
2489,323.23969863
2490,323.58969863
2491,323.58969863
2492,323.58969863
2493,323.20969863
2494,323.20969863
2495,323.31969863
2496,322.81969863
2497,322.81969863
2498,322.81969863
2499,323.04969863
2500,323.41969863
2501,323.31969863
2502,323.56969863
2503,323.24969863
2504,323.08969863
2505,323.36969863
2506,323.58969863
2507,323.36969863
2508,322.93969863
2509,322.82969863
2510,323.00969863
2511,322.80969863
2512,322.27969863
2513,321.98969863
2514,322.15969863
2515,322.53969863
2516,322.96969863
2517,323.11969863
2518,323.20969863
2519,323.02969863
2520,323.09969863
2521,323.09969863
2522,323.38969863
2523,323.19969863
2524,322.33969863
2525,322.87969863
2526,323.69969863
2527,323.08969863
2528,323.46969863
2529,322.43969863
2530,322.29969863
2531,322.42969863
2532,322.11969863
2533,322.13969863
2534,322.13969863
2535,322.18969863
2536,322.30969863
2537,322.49969863
2538,322.29969863
2539,322.24969863
2540,324.40969863
2541,324.27969863
2542,324.10969863
2543,324.33969863
2544,323.89969863
2545,324.07969863
2546,323.97969863
2547,324.15969863
2548,324.15969863
2549,324.10969863
2550,324.28969863
2551,324.16969863
2552,324.05969863
2553,323.67969863
2554,323.52969863
2555,323.36969863
2556,322.81969863
2557,323.03969863
2558,322.55969863
2559,324.682577371
2560,325.422577371
2561,324.292577371
2562,324.682577371
2563,324.682577371
2564,324.682577371
2565,324.532577371
2566,324.532577371
2567,324.332577371
2568,324.632577371
2569,327.512577371
2570,329.012577371
2571,329.112577371
2572,329.112577371
2573,329.112577371
2574,329.482577371
2575,329.302577371
2576,329.302577371
2577,328.912577371
2578,329.632577371
2579,329.362577371
2580,329.452577371
2581,329.212577371
2582,326.712577371
2583,325.892577371
2584,326.952577371
2585,326.552577371
2586,326.552577371
2587,325.542577371
2588,325.522577371
2589,325.882577371
2590,326.802577371
2591,326.682577371
2592,326.972577371
2593,326.872577371
2594,326.872577371
2595,327.062577371
2596,326.552577371
2597,326.512577371
2598,326.432577371
2599,326.162577371
2600,326.572577371
2601,326.342577371
2602,326.342577371
2603,326.442577371
2604,327.052577371
2605,327.102577371
2606,327.102577371
2607,327.102577371
2608,326.712577371
2609,327.052577371
2610,325.982577371
2611,326.082577371
2612,326.032577371
2613,325.982577371
2614,325.982577371
2615,325.802577371
2616,325.802577371
2617,325.802577371
2618,325.942577371
2619,325.812577371
2620,325.902577371
2621,325.902577371
2622,324.692577371
2623,324.522577371
2624,324.172577371
2625,324.172577371
2626,324.202577371
2627,324.002577371
2628,324.352577371
2629,324.132577371
2630,324.952577371
2631,326.042577371
