1,0.0
2,-1.625
3,-1.375
4,-1.375
5,0.625
6,0.875
7,0.875
8,0.875
9,1.25
10,2.125
11,2.375
12,2.375
13,0.5
14,-3.25
15,-2.625
16,-2.75
17,-2.5
18,-3.375
19,-3.375
20,-3.5
21,-3.5
22,-2.75
23,-1.625
24,-1.5
25,-1.375
26,-2.25
27,-1.75
28,-2.125
29,-1.5
30,-1.75
31,-1.125
32,-1.25
33,-2.0
34,-2.875
35,-3.125
36,-3.75
37,-3.75
38,-3.25
39,-2.5
40,-2.875
41,-2.875
42,-2.875
43,-4.125
44,-3.75
45,-5.25
46,-5.5
47,-5.5
48,-5.5
49,-5.5
50,-4.75
51,-4.5
52,-4.5
53,-5.25
54,-6.75
55,-6.75
56,-7.0
57,-6.5
58,-7.25
59,-7.125
60,-7.125
61,-7.125
62,-7.125
63,-7.125
64,-7.125
65,-7.125
66,-7.125
67,-7.125
68,-7.375
69,-7.5
70,-6.375
71,-6.75
72,-6.0
73,-8.5
74,-8.25
75,-7.75
76,-7.75
77,-7.875
78,-6.75
79,-6.875
80,-6.875
81,-6.875
82,-6.875
83,-7.0
84,-7.75
85,-7.875
86,-7.25
87,-6.875
88,-6.875
89,-6.875
90,-7.0
91,-6.875
92,-7.375
93,-7.125
94,-7.125
95,-6.625
96,-5.25
97,-6.25
98,-6.25
99,-6.125
100,-6.125
101,-6.0
102,-4.0
103,-1.0
104,-1.75
105,-2.0
106,-1.5
107,0.375
108,-2.0
109,-2.0
110,-1.75
111,-2.125
112,-1.375
113,-1.375
114,-0.75
115,-0.75
116,0.0
117,2.875
118,2.75
119,2.75
120,2.75
121,2.25
122,2.25
123,2.25
124,2.5
125,0.875
126,0.875
127,0.875
128,1.0
129,2.625
130,2.625
131,2.625
132,3.125
133,3.125
134,3.5
135,4.0
136,4.25
137,4.125
138,6.25
139,6.25
140,6.5
141,6.5
142,7.25
143,7.25
144,7.25
145,7.125
146,4.75
147,8.5
148,7.625
149,7.625
150,7.625
151,7.125
152,7.875
153,8.125
154,9.75
155,9.75
156,7.875
157,8.25
158,8.25
159,11.375
160,11.75
161,12.0
162,19.0
163,19.0
164,15.375
165,16.375
166,16.375
167,17.25
168,19.125
169,17.0
170,17.0
171,16.5
172,22.0
173,20.875
174,20.875
175,22.125
176,21.125
177,21.125
178,20.125
179,20.5
180,20.5
181,21.5
182,21.5
183,21.25
184,20.0
185,21.0
186,21.0
187,18.5
188,19.0
189,21.25
190,19.75
191,19.75
192,24.75
193,27.125
194,26.125
195,26.125
196,28.25
197,28.25
198,28.25
199,28.5
200,27.75
201,27.75
202,27.875
203,27.875
204,28.125
205,28.125
206,28.125
207,28.125
208,31.375
209,33.0
210,32.75
211,32.625
212,32.625
213,32.625
214,36.375
215,36.375
216,37.25
217,36.25
218,35.625
219,38.25
220,37.375
221,37.375
222,43.125
223,44.125
224,44.125
225,44.0
226,43.0
227,44.25
228,44.25
229,44.25
230,48.375
231,49.0
232,49.0
233,48.5
234,58.5
235,54.0
236,51.25
237,50.5
238,51.0
239,49.75
240,47.5
241,51.375
242,45.875
243,45.875
244,47.375
245,47.25
246,43.375
247,39.375
248,39.375
249,39.375
250,38.5
251,38.5
252,39.375
253,38.875
254,34.625
255,34.625
256,34.625
257,37.75
258,47.875
259,48.125
260,50.5
261,53.5
262,52.375
263,52.375
264,52.375
265,52.875
266,51.25
267,52.75
268,58.75
269,48.0
270,45.25
271,45.25
272,45.25
273,45.25
274,44.5
275,44.5
276,43.5
277,43.625
278,43.625
279,44.875
280,44.0
281,48.5
282,47.375
283,46.75
284,45.5
285,45.5
286,45.5
287,48.0
288,48.875
289,55.125
290,54.25
291,54.125
292,54.125
293,54.125
294,54.625
295,51.375
296,49.25
297,44.875
298,49.125
299,52.125
300,51.625
301,54.0
302,53.625
303,54.125
304,52.625
305,52.625
306,56.75
307,56.875
308,59.0
309,55.5
310,55.5
311,56.875
312,56.875
313,55.375
314,56.5
315,56.375
316,56.625
317,57.625
318,60.5
319,63.625
320,63.25
321,63.375
322,61.625
323,62.5
324,65.625
325,66.625
326,66.5
327,79.625
328,76.625
329,76.875
330,78.5
331,78.5
332,77.875
333,77.875
334,80.875
335,81.125
336,73.875
337,74.75
338,76.5
339,72.25
340,71.875
341,71.875
342,71.875
343,72.125
344,71.625
345,69.375
346,71.125
347,70.125
348,67.625
349,67.625
350,72.375
351,69.5
352,67.375
353,66.875
354,62.125
355,64.625
356,62.375
357,62.25
358,61.125
359,61.125
360,62.625
361,60.875
362,62.125
363,61.125
364,62.375
365,62.5
366,62.75
367,62.125
368,62.125
369,62.125
370,61.75
371,62.25
372,63.375
373,66.875
374,67.75
375,66.75
376,66.75
377,66.75
378,67.625
379,71.5
380,70.625
381,70.625
382,71.0
383,71.0
384,71.0
385,71.0
386,71.25
387,70.25
388,70.5
389,70.75
390,70.75
391,70.0
392,69.125
393,69.375
394,69.5
395,69.125
396,69.125
397,73.375
398,72.875
399,72.875
400,72.875
401,75.25
402,74.75
403,74.375
404,78.875
405,78.875
406,78.625
407,78.625
408,79.125
409,78.875
410,81.625
411,80.5
412,80.5
413,82.5
414,84.75
415,84.0
416,80.625
417,81.5
418,81.5
419,81.25
420,80.5
421,79.875
422,79.875
423,79.125
424,78.25
425,78.125
426,78.125
427,78.125
428,78.125
429,80.875
430,77.875
431,77.125
432,77.125
433,77.125
434,72.875
435,75.75
436,75.875
437,75.625
438,74.25
439,74.75
440,74.75
441,76.875
442,75.5
443,75.375
444,71.875
445,72.25
446,78.125
447,82.375
448,80.625
449,82.0
450,82.0
451,82.125
452,81.75
453,82.25
454,82.375
455,84.375
456,84.25
457,86.125
458,88.125
459,86.625
460,86.625
461,87.0
462,88.25
463,84.25
464,84.5519978501
465,89.8019978501
466,89.8019978501
467,86.6769978501
468,87.6769978501
469,91.8019978501
470,91.8019978501
471,92.6769978501
472,92.6769978501
473,93.8019978501
474,93.8019978501
475,93.8019978501
476,98.8019978501
477,98.0519978501
478,98.0519978501
479,95.4269978501
480,92.5519978501
481,90.8019978501
482,91.5519978501
483,94.1769978501
484,90.6769978501
485,89.6769978501
486,89.6769978501
487,90.0519978501
488,88.9269978501
489,90.3019978501
490,90.3019978501
491,90.3019978501
492,90.3019978501
493,91.0519978501
494,93.8019978501
495,101.30199785
496,103.05199785
497,107.05199785
498,104.42699785
499,100.80199785
500,104.92699785
501,101.30199785
502,104.55199785
503,105.42699785
504,105.42699785
505,103.30199785
506,99.0519978501
507,99.1769978501
508,101.17699785
509,101.17699785
510,96.1769978501
511,98.5519978501
512,102.05199785
513,102.05199785
514,102.05199785
515,104.42699785
516,101.05199785
517,97.6769978501
518,97.4269978501
519,100.17699785
520,104.92699785
521,104.92699785
522,104.92699785
523,101.17699785
524,101.30199785
525,98.9269978501
526,100.17699785
527,100.30199785
528,108.30199785
529,111.05199785
530,111.05199785
531,108.80199785
532,108.80199785
533,111.17699785
534,109.92699785
535,109.30199785
536,104.67699785
537,100.67699785
538,93.3019978501
539,92.6769978501
540,92.0519978501
541,96.5519978501
542,96.5519978501
543,92.5519978501
544,92.0519978501
545,92.0519978501
546,92.0519978501
547,92.0519978501
548,93.9269978501
549,88.3019978501
550,97.4269978501
551,103.67699785
552,103.67699785
553,102.92699785
554,102.92699785
555,102.05199785
556,102.05199785
557,102.05199785
558,102.05199785
559,100.05199785
560,101.92699785
561,102.42699785
562,99.1769978501
563,99.1769978501
564,99.0519978501
565,99.0519978501
566,99.0519978501
567,99.8019978501
568,99.8019978501
569,95.5519978501
570,95.5519978501
571,95.5519978501
572,92.4269978501
573,92.4269978501
574,85.4269978501
575,86.5519978501
576,77.3019978501
577,77.5519978501
578,76.1769978501
579,74.6769978501
580,70.0519978501
581,73.3019978501
582,70.8019978501
583,68.5519978501
584,66.5519978501
585,67.1769978501
586,67.0519978501
587,67.0519978501
588,70.8019978501
589,63.3019978501
590,59.5519978501
591,59.5519978501
592,58.3019978501
593,58.5519978501
594,61.8019978501
595,60.1769978501
596,60.1769978501
597,61.0519978501
598,66.9269978501
599,66.2792438291
600,71.4042438291
601,71.4042438291
602,74.2792438291
603,71.0292438291
604,71.0292438291
605,82.5292438291
606,82.6542438291
607,81.7792438291
608,77.4042438291
609,85.1542438291
610,82.2792438291
611,84.7792438291
612,83.5292438291
613,82.6542438291
614,83.5292438291
615,83.5292438291
616,78.5292438291
617,70.7792438291
618,69.0292438291
619,74.0292438291
620,72.0292438291
621,78.1542438291
622,78.2792438291
623,75.6542438291
624,76.6542438291
625,72.6542438291
626,71.7792438291
627,71.7792438291
628,71.5292438291
629,71.5292438291
630,82.4042438291
631,91.0292438291
632,89.1542438291
633,87.5292438291
634,83.5292438291
635,85.2792438291
636,85.2792438291
637,88.1542438291
638,88.2792438291
639,86.4042438291
640,95.4042438291
641,95.0292438291
642,95.0292438291
643,95.9042438291
644,95.9042438291
645,97.7792438291
646,95.9042438291
647,91.4042438291
648,91.0292438291
649,87.5292438291
650,92.1542438291
651,92.1542438291
652,96.4042438291
653,94.4042438291
654,94.4042438291
655,94.4042438291
656,96.1542438291
657,88.1542438291
658,88.1542438291
659,88.1542438291
660,85.6542438291
661,81.9042438291
662,82.6542438291
663,70.2792438291
664,74.6542438291
665,74.6542438291
666,75.4042438291
667,70.6542438291
668,63.7792438291
669,63.4042438291
670,70.4042438291
671,61.9042438291
672,61.2792438291
673,57.6542438291
674,54.1542438291
675,54.1542438291
676,47.0292438291
677,48.5292438291
678,46.9042438291
679,48.9042438291
680,52.6542438291
681,52.1542438291
682,52.1542438291
683,50.7792438291
684,50.6542438291
685,45.9042438291
686,54.6542438291
687,53.2792438291
688,57.4042438291
689,57.5292438291
690,54.7792438291
691,55.0292438291
692,55.0292438291
693,55.0292438291
694,54.4042438291
695,54.4042438291
696,56.2792438291
697,55.0292438291
698,54.9042438291
699,54.9042438291
700,51.5292438291
701,49.6542438291
702,49.6542438291
703,49.6542438291
704,49.6542438291
705,51.1542438291
706,50.1542438291
707,50.0292438291
708,49.6542438291
709,48.7792438291
710,43.6542438291
711,44.2792438291
712,47.4042438291
713,42.5292438291
714,42.2792438291
715,43.2792438291
716,43.2792438291
717,41.0292438291
718,41.0292438291
719,40.7792438291
720,40.6542438291
721,40.6542438291
722,40.2792438291
723,35.4042438291
724,34.6542438291
725,34.6542438291
726,34.5292438291
727,35.1542438291
728,35.1542438291
729,35.4042438291
730,34.0292438291
731,34.0292438291
732,33.1542438291
733,34.6542438291
734,33.7792438291
735,34.5292438291
736,36.0292438291
737,35.531234779
738,39.781234779
739,38.781234779
740,38.156234779
741,39.656234779
742,36.031234779
743,37.156234779
744,37.156234779
745,39.406234779
746,38.531234779
747,38.531234779
748,39.906234779
749,43.031234779
750,41.906234779
751,41.156234779
752,41.156234779
753,45.281234779
754,41.656234779
755,41.406234779
756,38.656234779
757,35.156234779
758,35.156234779
759,29.531234779
760,28.906234779
761,30.906234779
762,34.906234779
763,36.156234779
764,36.781234779
765,36.656234779
766,38.406234779
767,38.406234779
768,34.281234779
769,33.781234779
770,31.531234779
771,36.656234779
772,41.281234779
773,41.281234779
774,44.656234779
775,44.656234779
776,45.656234779
777,45.656234779
778,46.156234779
779,45.656234779
780,40.906234779
781,46.656234779
782,48.781234779
783,48.906234779
784,49.906234779
785,48.656234779
786,48.281234779
787,16.7300863107
788,16.6050863107
789,23.3550863107
790,24.3550863107
791,23.7300863107
792,24.9800863107
793,25.4800863107
794,25.2300863107
795,24.4800863107
796,22.4800863107
797,22.4800863107
798,22.4800863107
799,22.2300863107
800,22.2300863107
801,22.2300863107
802,22.7300863107
803,26.7300863107
804,24.4800863107
805,24.4800863107
806,24.4800863107
807,23.8550863107
808,23.8550863107
809,21.1050863107
810,21.1050863107
811,21.1050863107
812,21.4800863107
813,24.2300863107
814,25.4800863107
815,30.3550863107
816,30.3550863107
817,28.6050863107
818,31.2300863107
819,31.2300863107
820,31.2300863107
821,29.6050863107
822,29.6050863107
823,29.2300863107
824,27.4800863107
825,23.7300863107
826,23.3550863107
827,22.8550863107
828,16.2300863107
829,21.7300863107
830,23.8550863107
831,22.7300863107
832,23.8550863107
833,28.1050863107
834,30.3550863107
835,29.3550863107
836,29.3550863107
837,32.6050863107
838,39.9800863107
839,39.3550863107
840,42.9800863107
841,48.2300863107
842,47.2300863107
843,38.1050863107
844,59.3550863107
845,56.4800863107
846,54.2300863107
847,53.7300863107
848,50.4800863107
849,50.8550863107
850,50.6050863107
851,50.6050863107
852,49.1050863107
853,47.6050863107
854,48.2300863107
855,50.9800863107
856,53.9800863107
857,55.6050863107
858,55.6050863107
859,56.7300863107
860,56.2300863107
861,56.2300863107
862,54.2300863107
863,52.9800863107
864,58.1050863107
865,70.7300863107
866,65.3550863107
867,64.3550863107
868,64.3550863107
869,66.9800863107
870,70.2300863107
871,70.8550863107
872,72.9800863107
873,72.9800863107
874,72.9800863107
875,72.9800863107
876,67.3550863107
877,64.4800863107
878,61.4800863107
879,40.3756674334
880,41.7506674334
881,45.1256674334
882,40.8756674334
883,41.2506674334
884,40.5006674334
885,41.2506674334
886,41.2506674334
887,41.2506674334
888,40.5006674334
889,41.8756674334
890,41.6256674334
891,41.0006674334
892,41.0006674334
893,42.8756674334
894,42.8756674334
895,42.8756674334
896,37.5006674334
897,38.5006674334
898,38.6256674334
899,37.8756674334
900,38.5006674334
901,38.5006674334
902,37.5006674334
903,36.6256674334
904,40.1256674334
905,40.1256674334
906,41.1256674334
907,39.7506674334
908,39.8756674334
909,39.8756674334
910,41.1256674334
911,40.5006674334
912,38.7506674334
913,38.0006674334
914,39.5006674334
915,37.5006674334
916,35.0006674334
917,38.1256674334
918,40.3756674334
919,41.5006674334
920,42.6256674334
921,42.0006674334
922,42.0006674334
923,43.2506674334
924,40.2506674334
925,41.8756674334
926,41.2506674334
927,44.3756674334
928,37.5006674334
929,48.3756674334
930,51.6256674334
931,51.1256674334
932,53.8756674334
933,53.8756674334
934,54.8756674334
935,54.8756674334
936,57.6256674334
937,60.8756674334
938,65.1256674334
939,69.7506674334
940,72.6256674334
941,74.5006674334
942,75.1256674334
943,76.7506674334
944,74.3756674334
945,79.1256674334
946,84.7506674334
947,87.2506674334
948,84.1256674334
949,84.1256674334
950,84.6256674334
951,85.6256674334
952,85.6256674334
953,84.2506674334
954,84.2506674334
955,85.5006674334
956,85.5006674334
957,89.6256674334
958,89.3756674334
959,89.3756674334
960,90.3756674334
961,94.2506674334
962,97.1256674334
963,96.2506674334
964,96.2506674334
965,96.2506674334
966,94.8756674334
967,95.8756674334
968,93.2506674334
969,95.0006674334
970,95.0006674334
971,88.8756674334
972,88.8756674334
973,86.3756674334
974,85.0006674334
975,83.3756674334
976,78.2506674334
977,66.2676870774
978,68.2676870774
979,67.6426870774
980,65.1426870774
981,65.7676870774
982,62.7676870774
983,60.2676870774
984,59.6426870774
985,60.5176870774
986,64.6426870774
987,64.6426870774
988,64.3926870774
989,65.1426870774
990,66.2676870774
991,66.2676870774
992,67.0176870774
993,67.0176870774
994,67.0176870774
995,69.0176870774
996,68.2676870774
997,66.2676870774
998,64.7676870774
999,62.1426870774
1000,62.2676870774
1001,63.7676870774
1002,63.7676870774
1003,63.5176870774
1004,62.0176870774
1005,63.6426870774
1006,63.3926870774
1007,61.2676870774
1008,63.0176870774
1009,63.2676870774
1010,62.8926870774
1011,62.3926870774
1012,62.3926870774
1013,63.2676870774
1014,62.7676870774
1015,62.7676870774
1016,62.7676870774
1017,62.2676870774
1018,63.2676870774
1019,63.6426870774
1020,62.8926870774
1021,63.6426870774
1022,64.3926870774
1023,62.7676870774
1024,63.1320658042
1025,63.6320658042
1026,61.2570658042
1027,61.2570658042
1028,58.8820658042
1029,58.1320658042
1030,58.1320658042
1031,58.1320658042
1032,58.3820658042
1033,58.1320658042
1034,57.2570658042
1035,61.1320658042
1036,61.1320658042
1037,60.3820658042
1038,61.1320658042
1039,61.5070658042
1040,61.5070658042
1041,59.7570658042
1042,59.1320658042
1043,59.1320658042
1044,58.8820658042
1045,57.8820658042
1046,59.5070658042
1047,58.6320658042
1048,58.1320658042
1049,59.3820658042
1050,58.8820658042
1051,59.8820658042
1052,59.7570658042
1053,59.0070658042
1054,59.0070658042
1055,57.8820658042
1056,58.6320658042
1057,58.6320658042
1058,57.2570658042
1059,55.5070658042
1060,55.6320658042
1061,55.5070658042
1062,53.3820658042
1063,53.8820658042
1064,53.8820658042
1065,52.1320658042
1066,52.7570658042
1067,52.2570658042
1068,52.8820658042
1069,51.5070658042
1070,51.5070658042
1071,51.5070658042
1072,51.5070658042
1073,50.1320658042
1074,49.5070658042
1075,51.2570658042
1076,51.3820658042
1077,51.3820658042
1078,52.1320658042
1079,51.2570658042
1080,50.7570658042
1081,50.3820658042
1082,49.5070658042
1083,47.6320658042
1084,46.6320658042
1085,46.5070658042
1086,46.5070658042
1087,46.5070658042
1088,47.2570658042
1089,47.0070658042
1090,52.1320658042
1091,52.1320658042
1092,52.1320658042
1093,52.1320658042
1094,50.5070658042
1095,50.0070658042
1096,50.0070658042
1097,49.5070658042
1098,50.3820658042
1099,50.3820658042
1100,51.5070658042
1101,51.5070658042
1102,51.5070658042
1103,51.5070658042
1104,52.1320658042
1105,54.6320658042
1106,55.0070658042
1107,54.1320658042
1108,55.0070658042
1109,53.6320658042
1110,53.7570658042
1111,52.5070658042
1112,52.3820658042
1113,52.3820658042
1114,52.3820658042
1115,55.8820658042
1116,54.8820658042
1117,54.8820658042
1118,55.1320658042
1119,56.7570658042
1120,54.6320658042
1121,54.1320658042
1122,55.2570658042
1123,55.2570658042
1124,55.2570658042
1125,55.2570658042
1126,55.5070658042
1127,54.7570658042
1128,54.7570658042
1129,54.7570658042
1130,54.7570658042
1131,54.7570658042
1132,56.6320658042
1133,55.3820658042
1134,55.3820658042
1135,53.8820658042
1136,53.8820658042
1137,54.8820658042
1138,56.2570658042
1139,58.2570658042
1140,50.5070658042
1141,49.3820658042
1142,49.5070658042
1143,49.1320658042
1144,50.5070658042
1145,53.8820658042
1146,57.1320658042
1147,57.1320658042
1148,56.1320658042
1149,56.1320658042
1150,56.2570658042
1151,55.7570658042
1152,55.7570658042
1153,55.7570658042
1154,55.7570658042
1155,55.7570658042
1156,55.1320658042
1157,58.8820658042
1158,61.1320658042
1159,62.2570658042
1160,68.7570658042
1161,68.7570658042
1162,70.3820658042
1163,69.5070658042
1164,71.3820658042
1165,70.1320658042
1166,70.1320658042
1167,69.0070658042
1168,69.0070658042
1169,70.0070658042
1170,68.2570658042
1171,67.0070658042
1172,64.1320658042
1173,64.6320658042
1174,66.2570658042
1175,71.6320658042
1176,74.5070658042
1177,74.2570658042
1178,74.2570658042
1179,74.2570658042
1180,74.2570658042
1181,74.2570658042
1182,74.2570658042
1183,75.3820658042
1184,75.3820658042
1185,76.8820658042
1186,76.5070658042
1187,77.0070658042
1188,78.2570658042
1189,78.0070658042
1190,76.6320658042
1191,77.8820658042
1192,80.5070658042
1193,79.3820658042
1194,78.2570658042
1195,76.0070658042
1196,77.5070658042
1197,79.2570658042
1198,80.6320658042
1199,84.1350229895
1200,84.1350229895
1201,84.1350229895
1202,86.2600229895
1203,89.8850229895
1204,88.6350229895
1205,89.6350229895
1206,88.1350229895
1207,86.6350229895
1208,91.0100229895
1209,93.1350229895
1210,93.1350229895
1211,89.8850229895
1212,89.8850229895
1213,87.5100229895
1214,87.5100229895
1215,87.5100229895
1216,87.5100229895
1217,89.6350229895
1218,89.8850229895
1219,94.0100229895
1220,94.0100229895
1221,92.8850229895
1222,92.8850229895
1223,91.7600229895
1224,91.3850229895
1225,92.8850229895
1226,92.8850229895
1227,93.5100229895
1228,93.5100229895
1229,94.7600229895
1230,93.6350229895
1231,92.6350229895
1232,96.6350229895
1233,95.7600229895
1234,97.7600229895
1235,97.7600229895
1236,96.6350229895
1237,93.7600229895
1238,93.5100229895
1239,94.1350229895
1240,94.1350229895
1241,94.1350229895
1242,94.1350229895
1243,92.5100229895
1244,92.5100229895
1245,92.5100229895
1246,94.5100229895
1247,95.8850229895
1248,96.5100229895
1249,97.3850229895
1250,98.0100229895
1251,98.1350229895
1252,97.3850229895
1253,99.2600229895
1254,99.2600229895
1255,99.2600229895
1256,97.6350229895
1257,95.7600229895
1258,96.1350229895
1259,96.1350229895
1260,98.6350229895
1261,98.0100229895
1262,100.260022989
1263,100.385022989
1264,100.385022989
1265,100.885022989
1266,102.760022989
1267,105.510022989
1268,105.510022989
1269,103.885022989
1270,102.635022989
1271,104.010022989
1272,103.260022989
1273,101.385022989
1274,106.635022989
1275,106.385022989
1276,106.385022989
1277,107.135022989
1278,106.260022989
1279,107.260022989
1280,107.010022989
1281,105.135022989
1282,104.760022989
1283,106.135022989
1284,105.635022989
1285,105.635022989
1286,105.635022989
1287,106.135022989
1288,105.135022989
1289,107.385022989
1290,105.135022989
1291,104.510022989
1292,103.885022989
1293,103.885022989
1294,102.760022989
1295,103.135022989
1296,103.135022989
1297,104.135022989
1298,104.135022989
1299,104.260022989
1300,102.885022989
1301,102.885022989
1302,100.885022989
1303,102.385022989
1304,101.760022989
1305,98.5100229895
1306,99.8850229895
1307,99.8850229895
1308,101.885022989
1309,101.885022989
1310,101.760022989
1311,100.510022989
1312,101.260022989
1313,99.7600229895
1314,99.7600229895
1315,98.7600229895
1316,100.260022989
1317,96.2600229895
1318,98.2600229895
1319,97.3850229895
1320,97.3850229895
1321,97.1350229895
1322,96.7600229895
1323,99.2600229895
1324,99.1350229895
1325,99.6350229895
1326,99.6350229895
1327,100.135022989
1328,100.010022989
1329,100.010022989
1330,99.3850229895
1331,100.135022989
1332,100.135022989
1333,100.135022989
1334,99.7600229895
1335,97.2600229895
1336,97.0250728927
1337,93.9000728927
1338,93.9000728927
1339,93.7750728927
1340,93.7750728927
1341,91.6500728927
1342,91.9000728927
1343,91.9000728927
1344,92.2750728927
1345,91.0250728927
1346,89.7750728927
1347,89.0250728927
1348,89.0250728927
1349,88.6500728927
1350,87.7750728927
1351,86.2750728927
1352,88.0250728927
1353,86.2750728927
1354,86.2750728927
1355,86.2750728927
1356,86.2750728927
1357,85.2750728927
1358,85.2750728927
1359,89.2750728927
1360,89.2750728927
1361,89.2750728927
1362,89.5250728927
1363,89.5250728927
1364,89.4000728927
1365,89.4000728927
1366,89.9000728927
1367,91.2750728927
1368,93.2750728927
1369,94.0250728927
1370,94.7750728927
1371,94.7750728927
1372,102.025072893
1373,101.775072893
1374,100.150072893
1375,99.7750728927
1376,100.275072893
1377,100.275072893
1378,100.275072893
1379,102.275072893
1380,95.4000728927
1381,92.4000728927
1382,92.4000728927
1383,98.4000728927
1384,96.0250728927
1385,95.1500728927
1386,95.1500728927
1387,93.6500728927
1388,96.0250728927
1389,98.2750728927
1390,97.2750728927
1391,97.2750728927
1392,97.2750728927
1393,95.1500728927
1394,97.0250728927
1395,93.5250728927
1396,97.0250728927
1397,96.1500728927
1398,94.9000728927
1399,94.9000728927
1400,94.7750728927
1401,95.0250728927
1402,94.7750728927
1403,93.7750728927
1404,93.9000728927
1405,95.5250728927
1406,95.5250728927
1407,95.6500728927
1408,95.9000728927
1409,93.7750728927
1410,95.4000728927
1411,95.0250728927
1412,95.0250728927
1413,95.0250728927
1414,96.1500728927
1415,95.9000728927
1416,95.9000728927
1417,95.9000728927
1418,98.4000728927
1419,103.650072893
1420,108.525072893
1421,108.525072893
1422,108.150072893
1423,121.150072893
1424,119.650072893
1425,119.150072893
1426,119.150072893
1427,119.775072893
1428,123.400072893
1429,120.650072893
1430,121.650072893
1431,121.650072893
1432,121.650072893
1433,121.650072893
1434,124.275072893
1435,119.400072893
1436,120.650072893
1437,120.650072893
1438,123.400072893
1439,122.400072893
1440,119.650072893
1441,118.025072893
1442,118.650072893
1443,118.650072893
1444,115.275072893
1445,112.775072893
1446,112.775072893
1447,107.900072893
1448,110.025072893
1449,109.650072893
1450,109.650072893
1451,113.025072893
1452,99.7750728927
1453,98.1500728927
1454,98.1500728927
1455,93.2750728927
1456,93.7750728927
1457,93.7750728927
1458,93.4000728927
1459,93.4000728927
1460,95.6500728927
1461,96.1500728927
1462,101.650072893
1463,103.525072893
1464,105.775072893
1465,105.775072893
1466,104.025072893
1467,107.525072893
1468,107.525072893
1469,109.400072893
1470,108.150072893
1471,106.775072893
1472,114.025072893
1473,114.775072893
1474,114.525072893
1475,116.275072893
1476,114.525072893
1477,114.775072893
1478,113.775072893
1479,115.275072893
1480,120.775072893
1481,127.400072893
1482,123.525072893
1483,123.525072893
1484,123.025072893
1485,124.400072893
1486,124.400072893
1487,124.400072893
1488,123.900072893
1489,119.775072893
1490,118.775072893
1491,117.025072893
1492,116.400072893
1493,116.025072893
1494,115.650072893
1495,114.275072893
1496,111.525072893
1497,111.525072893
1498,111.525072893
1499,111.525072893
1500,111.775072893
1501,112.900072893
1502,112.900072893
1503,110.400072893
1504,109.025072893
1505,109.525072893
1506,108.025072893
1507,110.525072893
1508,108.900072893
1509,110.650072893
1510,109.400072893
1511,111.275072893
1512,112.275072893
1513,108.525072893
1514,109.150072893
1515,109.150072893
1516,109.900072893
1517,111.275072893
1518,110.525072893
1519,110.525072893
1520,118.525072893
1521,117.275072893
1522,116.025072893
1523,119.775072893
1524,123.900072893
1525,124.275072893
1526,123.650072893
1527,123.025072893
1528,122.525072893
1529,117.650072893
1530,115.775072893
1531,114.025072893
1532,113.900072893
1533,116.025072893
1534,116.025072893
1535,116.025072893
1536,116.025072893
1537,118.650072893
1538,119.025072893
1539,117.525072893
1540,117.525072893
1541,117.525072893
1542,117.525072893
1543,119.775072893
1544,118.900072893
1545,119.025072893
1546,116.525072893
1547,115.025072893
1548,115.650072893
1549,116.650072893
1550,121.525072893
1551,129.650072893
1552,132.025072893
1553,131.025072893
1554,128.900072893
1555,132.650072893
1556,140.650072893
1557,140.150072893
1558,135.775072893
1559,136.150072893
1560,134.525072893
1561,135.775072893
1562,135.400072893
1563,135.400072893
1564,140.525072893
1565,143.650072893
1566,143.275072893
1567,141.650072893
1568,153.525072893
1569,162.025072893
1570,162.025072893
1571,148.666025226
1572,148.666025226
1573,148.916025226
1574,152.041025226
1575,153.666025226
1576,157.041025226
1577,156.166025226
1578,158.666025226
1579,159.416025226
1580,159.416025226
1581,161.166025226
1582,161.166025226
1583,160.666025226
1584,162.916025226
1585,162.416025226
1586,162.291025226
1587,160.041025226
1588,157.166025226
1589,163.666025226
1590,165.791025226
1591,167.291025226
1592,167.666025226
1593,167.666025226
1594,169.041025226
1595,174.916025226
1596,179.416025226
1597,179.416025226
1598,179.791025226
1599,179.166025226
1600,180.041025226
1601,175.666025226
1602,175.666025226
1603,172.041025226
1604,179.541025226
1605,178.041025226
1606,176.666025226
1607,177.666025226
1608,179.916025226
1609,186.041025226
1610,195.291025226
1611,193.166025226
1612,194.291025226
1613,190.666025226
1614,192.916025226
1615,195.041025226
1616,195.291025226
1617,195.291025226
1618,199.416025226
1619,204.166025226
1620,206.541025226
1621,199.416025226
1622,199.416025226
1623,198.041025226
1624,186.666025226
1625,186.666025226
1626,182.666025226
1627,168.916025226
1628,167.291025226
1629,168.666025226
1630,169.666025226
1631,167.791025226
1632,168.541025226
1633,168.541025226
1634,167.291025226
1635,167.916025226
1636,167.916025226
1637,167.916025226
1638,169.541025226
1639,168.666025226
1640,167.291025226
1641,167.291025226
1642,164.541025226
1643,165.541025226
1644,165.041025226
1645,164.291025226
1646,169.166025226
1647,169.791025226
1648,169.791025226
1649,165.166025226
1650,163.791025226
1651,165.291025226
1652,165.291025226
1653,166.041025226
1654,164.291025226
1655,165.916025226
1656,165.416025226
1657,164.166025226
1658,170.291025226
1659,171.166025226
1660,171.166025226
1661,167.916025226
1662,165.916025226
1663,165.916025226
1664,165.916025226
1665,168.041025226
1666,169.791025226
1667,169.041025226
1668,169.041025226
1669,169.666025226
1670,168.416025226
1671,168.416025226
1672,169.041025226
1673,170.416025226
1674,170.416025226
1675,168.988196359
1676,168.738196359
1677,168.738196359
1678,170.925696359
1679,171.738196359
1680,166.550696359
1681,169.175696359
1682,169.175696359
1683,173.738196359
1684,173.050696359
1685,173.050696359
1686,169.113196359
1687,164.113196359
1688,165.238196359
1689,164.800696359
1690,165.863196359
1691,165.863196359
1692,165.863196359
1693,167.175696359
1694,166.613196359
1695,164.738196359
1696,164.738196359
1697,164.738196359
1698,167.175696359
1699,164.613196359
1700,166.300696359
1701,166.300696359
1702,166.300696359
1703,165.613196359
1704,166.863196359
1705,166.863196359
1706,168.050696359
1707,167.550696359
1708,169.363196359
1709,166.988196359
1710,162.988196359
1711,162.550696359
1712,162.550696359
1713,162.550696359
1714,162.550696359
1715,161.738196359
1716,159.925696359
1717,164.255552917
1718,164.255552917
1719,157.380552917
1720,157.380552917
1721,155.693052917
1722,151.255552917
1723,152.193052917
1724,155.818052917
1725,154.818052917
1726,154.818052917
1727,153.443052917
1728,155.318052917
1729,153.443052917
1730,153.943052917
1731,156.568052917
1732,156.568052917
1733,153.630552917
1734,154.755552917
1735,151.068052917
1736,151.880552917
1737,150.630552917
1738,150.630552917
1739,149.443052917
1740,149.443052917
1741,149.005552917
1742,148.443052917
1743,146.318052917
1744,146.318052917
1745,150.255552917
1746,154.193052917
1747,154.193052917
1748,154.943052917
1749,156.380552917
1750,155.568052917
1751,155.568052917
1752,155.568052917
1753,155.755552917
1754,155.755552917
1755,157.880552917
1756,157.880552917
1757,160.693052917
1758,160.693052917
1759,162.443052917
1760,166.880552917
1761,164.818052917
1762,164.818052917
1763,170.568052917
1764,163.318052917
1765,163.318052917
1766,165.380552917
1767,166.005552917
1768,166.005552917
1769,169.630552917
1770,168.005552917
1771,168.005552917
1772,173.630552917
1773,176.755552917
1774,176.755552917
1775,177.193052917
1776,180.818052917
1777,186.068052917
1778,186.068052917
1779,186.068052917
1780,181.443052917
1781,186.318052917
1782,186.318052917
1783,186.318052917
1784,183.318052917
1785,183.318052917
1786,186.318052917
1787,196.317552917
1788,196.317552917
1789,191.817552917
1790,189.254552917
1791,191.942552917
1792,191.942552917
1793,196.192552917
1794,196.192552917
1795,200.254552917
1796,197.817552917
1797,198.567552917
1798,204.379552917
1799,191.067052917
1800,168.817052917
1801,171.567052917
1802,174.442052917
1803,174.442052917
1804,174.442052917
1805,187.504552917
1806,196.754552917
1807,196.754552917
1808,199.473552917
1809,203.848552917
1810,201.285552917
1811,201.285552917
1812,201.285552917
1813,204.660552917
1814,197.347552917
1815,210.785552917
1816,213.660552917
1817,225.660552917
1818,226.660552917
1819,227.160552917
1820,219.097552917
1821,222.909552917
1822,223.721552917
1823,216.533552917
1824,216.533552917
1825,210.971552917
1826,210.971552917
1827,205.409552917
1828,210.034552917
1829,210.034552917
1830,211.222552917
1831,202.784552917
1832,189.721552917
1833,193.783552917
1834,201.783552917
1835,201.783552917
1836,207.283552917
1837,207.283552917
1838,210.158552917
1839,210.158552917
1840,210.158552917
1841,210.033552917
1842,216.408552917
1843,227.501552917
1844,205.751552917
1845,207.876552917
1846,207.876552917
1847,207.876552917
1848,208.251552917
1849,217.188552917
1850,202.188552917
1851,196.188552917
1852,189.563552917
1853,191.126052917
1854,191.501052917
1855,191.501052917
1856,190.938552917
1857,178.188552917
1858,176.626052917
1859,172.876052917
1860,172.876052917
1861,173.251052917
1862,173.813552917
1863,172.313552917
1864,172.876052917
1865,172.876052917
1866,173.063552917
1867,173.063552917
1868,173.063552917
1869,172.751052917
1870,175.813552917
1871,174.501052917
1872,177.593552917
1873,177.593552917
1874,177.093552917
1875,177.093552917
1876,176.593552917
1877,178.693552917
1878,179.903552917
1879,179.903552917
1880,179.903552917
1881,179.053552917
1882,179.183552917
1883,179.183552917
1884,180.513552917
1885,182.763552917
1886,178.733552917
1887,181.493552917
1888,178.443552917
1889,178.163552917
1890,178.163552917
1891,178.953552917
1892,178.953552917
1893,178.953552917
1894,178.433552917
1895,178.433552917
1896,178.433552917
1897,178.973552917
1898,179.373552917
1899,179.373552917
1900,178.613552917
1901,178.613552917
1902,178.613552917
1903,178.483552917
1904,172.233552917
1905,172.253552917
1906,172.023552917
1907,171.663552917
1908,171.663552917
1909,171.153552917
1910,169.693552917
1911,172.103552917
1912,173.443552917
1913,170.743552917
1914,170.743552917
1915,170.743552917
1916,171.113552917
1917,170.193552917
1918,168.883552917
1919,169.333552917
1920,168.563552917
1921,168.563552917
1922,167.693552917
1923,166.443552917
1924,166.973552917
1925,165.873552917
1926,168.273552917
1927,167.493552917
1928,167.493552917
1929,166.143552917
1930,166.143552917
1931,166.143552917
1932,163.503552917
1933,160.233552917
1934,160.533552917
1935,161.433552917
1936,163.083552917
1937,161.583552917
1938,161.583552917
1939,160.773552917
1940,161.793552917
1941,164.713552917
1942,166.963552917
1943,166.433552917
1944,166.533552917
1945,165.473552917
1946,167.873552917
1947,166.913552917
1948,166.913552917
1949,167.003552917
1950,167.003552917
1951,167.003552917
1952,165.893552917
1953,165.913552917
1954,166.163552917
1955,166.333552917
1956,166.443552917
1957,166.443552917
1958,166.443552917
1959,166.553552917
1960,165.993552917
1961,166.523552917
1962,166.523552917
1963,166.763552917
1964,167.913552917
1965,168.763552917
1966,169.363552917
1967,171.833552917
1968,171.833552917
1969,171.693552917
1970,172.443552917
1971,172.443552917
1972,170.733552917
1973,169.353552917
1974,168.273552917
1975,169.043552917
1976,168.883552917
1977,168.563552917
1978,169.023552917
1979,169.023552917
1980,169.023552917
1981,169.363552917
1982,169.303552917
1983,168.263552917
1984,168.913552917
1985,168.923552917
1986,168.633552917
1987,168.633552917
1988,168.203552917
1989,168.853552917
1990,170.033552917
1991,170.473552917
1992,170.023552917
1993,170.223552917
1994,169.923552917
1995,170.043552917
1996,170.463552917
1997,170.463552917
1998,170.463552917
1999,171.283552917
2000,170.493552917
2001,169.623552917
2002,170.123552917
2003,169.393552917
2004,169.703552917
2005,169.703552917
2006,169.363552917
2007,170.373552917
2008,169.063552917
2009,167.003552917
2010,168.053552917
2011,168.463552917
2012,168.973552917
2013,168.973552917
2014,168.373552917
2015,167.853552917
2016,167.573552917
2017,167.573552917
2018,167.573552917
2019,167.253552917
2020,167.523552917
2021,167.843552917
2022,167.952171965
2023,167.952171965
2024,168.942171965
2025,169.042171965
2026,169.042171965
2027,169.042171965
2028,169.042171965
2029,169.042171965
2030,168.972171965
2031,169.272171965
2032,169.412171965
2033,169.952171965
2034,169.872171965
2035,168.932171965
2036,168.932171965
2037,168.932171965
2038,170.802171965
2039,171.302171965
2040,171.302171965
2041,171.742171965
2042,172.252171965
2043,172.282171965
2044,172.382171965
2045,171.332171965
2046,170.722171965
2047,170.722171965
2048,172.382171965
2049,171.882171965
2050,171.722171965
2051,171.722171965
2052,171.442171965
2053,171.072171965
2054,172.252171965
2055,172.432171965
2056,171.522171965
2057,172.182171965
2058,172.182171965
2059,172.982171965
2060,172.722171965
2061,172.892171965
2062,174.432171965
2063,174.292171965
2064,174.292171965
2065,174.622171965
2066,174.972171965
2067,175.052171965
2068,175.032171965
2069,175.032171965
2070,175.032171965
2071,175.192171965
2072,175.192171965
2073,175.192171965
2074,175.012171965
2075,175.012171965
2076,175.012171965
2077,175.012171965
2078,174.952171965
2079,174.512171965
2080,174.412171965
2081,176.392171965
2082,176.392171965
2083,175.542171965
2084,175.722171965
2085,176.722171965
2086,177.212171965
2087,177.002171965
2088,177.002171965
2089,177.882171965
2090,177.762171965
2091,178.082171965
2092,178.082171965
2093,178.772171965
2094,177.872171965
2095,177.872171965
2096,179.692171965
2097,179.802171965
2098,179.872171965
2099,179.252171965
2100,178.902171965
2101,178.652171965
2102,178.652171965
2103,178.652171965
2104,179.452171965
2105,179.832171965
2106,179.742171965
2107,179.372171965
2108,180.172171965
2109,179.252171965
2110,178.692171965
2111,178.692171965
2112,177.852171965
2113,177.092171965
2114,177.872171965
2115,177.892171965
2116,177.052171965
2117,176.762171965
2118,175.482171965
2119,175.742171965
2120,177.042171965
2121,180.672171965
2122,180.672171965
2123,180.602171965
2124,180.982171965
2125,180.982171965
2126,181.842171965
2127,183.152171965
2128,183.922171965
2129,183.922171965
2130,184.492171965
2131,184.582171965
2132,184.342171965
2133,184.342171965
2134,185.202171965
2135,186.542171965
2136,186.542171965
2137,186.762171965
2138,185.722171965
2139,185.722171965
2140,185.722171965
2141,185.892171965
2142,185.892171965
2143,186.382171965
2144,184.652171965
2145,182.802171965
2146,183.682171965
2147,183.682171965
2148,183.592171965
2149,183.592171965
2150,182.932171965
2151,183.072171965
2152,183.482171965
2153,183.872171965
2154,183.672171965
2155,183.672171965
2156,184.342171965
2157,187.272171965
2158,187.092171965
2159,187.252171965
2160,186.422171965
2161,186.632171965
2162,185.782171965
2163,185.472171965
2164,185.802171965
2165,185.802171965
2166,186.852171965
2167,186.542171965
2168,186.152171965
2169,187.372171965
2170,187.372171965
2171,187.232171965
2172,187.692171965
2173,187.692171965
2174,189.442171965
2175,189.592171965
2176,188.482171965
2177,188.852171965
2178,188.472171965
2179,188.472171965
2180,187.792171965
2181,188.222171965
2182,187.742171965
2183,188.012171965
2184,186.872171965
2185,187.442171965
2186,187.442171965
2187,188.522171965
2188,188.522171965
2189,189.332171965
2190,188.632171965
2191,187.762171965
2192,188.302171965
2193,188.302171965
2194,188.302171965
2195,188.302171965
2196,188.302171965
2197,190.322171965
2198,191.482171965
2199,191.172171965
2200,189.732171965
2201,190.742171965
2202,190.032171965
2203,190.058227808
2204,190.058227808
2205,187.778227808
2206,187.778227808
2207,186.628227808
2208,186.548227808
2209,185.108227808
2210,185.578227808
2211,191.898227808
2212,191.268227808
2213,191.268227808
2214,191.888227808
2215,191.888227808
2216,193.318227808
2217,192.398227808
2218,193.348227808
2219,193.078227808
2220,193.248227808
2221,193.248227808
2222,194.528227808
2223,195.568227808
2224,196.148227808
2225,196.848227808
2226,194.428227808
2227,192.768227808
2228,192.768227808
2229,192.768227808
2230,192.768227808
2231,192.728227808
2232,193.208227808
2233,192.968227808
2234,191.048227808
2235,188.678227808
2236,188.678227808
2237,190.798227808
2238,191.928227808
2239,192.548227808
2240,192.438227808
2241,191.448227808
2242,193.918227808
2243,194.268227808
2244,192.678227808
2245,191.998227808
2246,191.998227808
2247,191.998227808
2248,193.118227808
2249,192.838227808
2250,187.008227808
2251,187.328227808
2252,190.228227808
2253,187.808227808
2254,187.668227808
2255,188.518227808
2256,185.338227808
2257,185.338227808
2258,185.338227808
2259,187.518227808
2260,186.508227808
2261,185.078227808
2262,186.778227808
2263,188.238227808
2264,188.998227808
2265,190.648227808
2266,188.118227808
2267,187.378227808
2268,189.568227808
2269,188.318227808
2270,188.318227808
2271,186.788227808
2272,184.098227808
2273,184.098227808
2274,184.438227808
2275,183.308227808
2276,185.398227808
2277,187.658227808
2278,188.118227808
2279,188.118227808
2280,189.238227808
2281,191.018227808
2282,192.138227808
2283,192.138227808
2284,193.168227808
2285,193.518227808
2286,193.918227808
2287,193.578227808
2288,194.058227808
2289,197.118227808
2290,197.068227808
2291,196.918227808
2292,197.498227808
2293,197.308227808
2294,198.208227808
2295,198.208227808
2296,198.208227808
2297,197.408227808
2298,198.498227808
2299,200.548227808
2300,202.888227808
2301,202.628227808
2302,204.298227808
2303,203.988227808
2304,203.988227808
2305,203.988227808
2306,204.198227808
2307,204.828227808
2308,205.688227808
2309,205.688227808
2310,205.688227808
2311,205.338227808
2312,205.338227808
2313,205.658227808
2314,205.258227808
2315,205.258227808
2316,206.348227808
2317,206.888227808
2318,206.768227808
2319,206.768227808
2320,207.778227808
2321,208.198227808
2322,209.288227808
2323,208.828227808
2324,209.118227808
2325,208.858227808
2326,204.638227808
2327,206.928227808
2328,208.158227808
2329,208.158227808
2330,208.468227808
2331,209.398227808
2332,210.948227808
2333,210.468227808
2334,211.088227808
2335,211.088227808
2336,208.448227808
2337,208.448227808
2338,209.218227808
2339,206.808227808
2340,208.498227808
2341,207.068227808
2342,207.708227808
2343,207.708227808
2344,207.708227808
2345,208.028227808
2346,206.218227808
2347,206.218227808
2348,206.718227808
2349,205.558227808
2350,207.078227808
2351,206.488227808
2352,200.588227808
2353,198.848227808
2354,199.318227808
2355,198.838227808
2356,198.838227808
2357,200.178227808
2358,200.628227808
2359,200.628227808
2360,201.138227808
2361,202.768227808
2362,202.858227808
2363,203.168227808
2364,201.498227808
2365,200.848227808
2366,202.028227808
2367,201.188227808
2368,200.418227808
2369,203.368227808
2370,204.828227808
2371,205.648227808
2372,199.618227808
2373,198.358227808
2374,198.358227808
2375,197.418227808
2376,197.418227808
2377,197.428227808
2378,197.378227808
2379,196.558227808
2380,197.188227808
2381,196.728227808
2382,196.728227808
2383,196.058227808
2384,196.918227808
2385,196.998227808
2386,197.078858279
2387,197.218858279
2388,195.908858279
2389,196.078858279
2390,196.648858279
2391,196.678858279
2392,196.998858279
2393,196.998858279
2394,196.998858279
2395,196.528858279
2396,197.099521664
2397,197.099521664
2398,197.439521664
2399,193.139521664
2400,192.449521664
2401,191.519521664
2402,191.059521664
2403,191.059521664
2404,191.059521664
2405,191.449521664
2406,190.059521664
2407,190.059521664
2408,191.829521664
2409,191.739521664
2410,191.739521664
2411,191.739521664
2412,190.389521664
2413,191.319521664
2414,190.679521664
2415,191.499521664
2416,191.469521664
2417,191.469521664
2418,191.469521664
2419,191.719521664
2420,191.429521664
2421,191.429521664
2422,191.429521664
2423,190.279521664
2424,190.699521664
2425,190.699521664
2426,190.569521664
2427,191.109521664
2428,191.949521664
2429,193.149521664
2430,193.149521664
2431,193.149521664
2432,192.909521664
2433,189.289521664
2434,188.259521664
2435,188.429521664
2436,187.989521664
2437,188.129521664
2438,187.739521664
2439,188.059521664
2440,188.439521664
2441,186.929521664
2442,185.779521664
2443,187.069521664
2444,186.419521664
2445,185.089521664
2446,185.109521664
2447,184.659521664
2448,183.629521664
2449,183.629521664
2450,182.609521664
2451,182.609521664
2452,183.539521664
2453,181.119521664
2454,181.769521664
2455,181.769521664
2456,181.539521664
2457,181.179521664
2458,178.309521664
2459,178.219521664
2460,177.599521664
2461,177.599521664
2462,178.779521664
2463,178.499521664
2464,179.329521664
2465,179.659521664
2466,179.409521664
2467,179.409521664
2468,179.369521664
2469,179.369521664
2470,179.369521664
2471,179.369521664
2472,180.309521664
2473,183.469521664
2474,181.859521664
2475,182.619521664
2476,186.119521664
2477,186.119521664
2478,185.959521664
2479,185.959521664
2480,185.959521664
2481,185.959521664
2482,185.229521664
2483,185.629521664
2484,186.269521664
2485,186.019521664
2486,187.349521664
2487,187.009521664
2488,182.359521664
2489,182.359521664
2490,182.079521664
2491,180.769521664
2492,180.349521664
2493,180.349521664
2494,181.309521664
2495,183.839521664
2496,183.839521664
2497,183.689521664
2498,183.689521664
2499,183.689521664
2500,183.589521664
2501,183.399521664
2502,183.149521664
2503,183.409521664
2504,183.289521664
2505,183.489521664
2506,183.489521664
2507,183.999521664
2508,184.519521664
2509,185.099521664
2510,185.739521664
2511,185.639521664
2512,185.199521664
2513,184.769521664
2514,186.559521664
2515,186.209521664
2516,186.209521664
2517,185.749521664
2518,186.439521664
2519,185.569521664
2520,186.769521664
2521,186.769521664
2522,187.109521664
2523,187.189521664
2524,188.609521664
2525,188.619521664
2526,187.819521664
2527,188.009521664
2528,188.479521664
2529,188.759521664
2530,189.119521664
2531,189.039521664
2532,189.039521664
2533,188.519521664
2534,188.519521664
2535,188.159521664
2536,188.159521664
2537,188.159521664
2538,189.169521664
2539,189.169521664
2540,187.929521664
2541,187.929521664
2542,187.149521664
2543,186.099521664
2544,186.209521664
2545,188.359521664
2546,191.039521664
2547,191.039521664
2548,190.739521664
2549,191.459521664
2550,191.439521664
2551,190.689521664
2552,190.939521664
2553,189.699521664
2554,188.809521664
2555,189.229521664
2556,189.229521664
2557,189.229521664
2558,189.409521664
2559,187.609521664
2560,186.889521664
2561,188.869521664
2562,188.849521664
2563,188.499521664
2564,188.499521664
2565,188.009521664
2566,188.919521664
2567,188.139521664
2568,188.139521664
2569,187.509521664
2570,187.509521664
2571,186.129521664
2572,186.129521664
2573,185.879521664
2574,185.879521664
2575,185.299521664
2576,184.589521664
2577,182.899521664
2578,182.899521664
2579,182.669521664
2580,182.829521664
2581,182.309521664
2582,182.279521664
2583,182.279521664
2584,181.569521664
2585,180.429521664
2586,180.429521664
2587,180.319521664
2588,181.199521664
2589,180.169521664
2590,178.379521664
2591,181.539521664
2592,181.709521664
2593,181.709521664
2594,188.487881246
2595,188.337881246
2596,186.927881246
2597,186.467881246
2598,186.357881246
2599,186.407881246
2600,186.047881246
2601,186.267881246
2602,186.237881246
2603,186.237881246
2604,186.237881246
2605,186.047881246
2606,184.977881246
2607,184.837881246
2608,184.997881246
2609,184.997881246
2610,184.457881246
2611,185.077881246
2612,185.817881246
2613,187.547881246
2614,187.607881246
2615,187.977881246
2616,186.957881246
2617,187.057881246
2618,187.057881246
2619,187.057881246
2620,187.057881246
2621,188.827881246
2622,188.277881246
2623,187.817881246
2624,187.047881246
2625,186.857881246
2626,186.857881246
2627,187.807881246
2628,188.137881246
2629,188.137881246
2630,188.137881246
2631,188.177881246
2632,188.157881246
2633,188.157881246
2634,188.257881246
2635,188.207881246
2636,188.207881246
2637,188.207881246
2638,188.267881246
2639,188.267881246
2640,188.397881246
2641,187.977881246
2642,187.977881246
2643,187.977881246
2644,188.207881246
2645,188.797881246
2646,187.507881246
2647,189.357881246
2648,189.357881246
